=== shutdown diagnostic @ SIGTERM ===
--- date ---
2026-08-21T23:39:11Z
--- ps auxf (top 60 by cpu) ---
USER         PID %CPU %MEM    VSZ   RSS TTY      STAT START   TIME COMMAND
root           1  0.0  0.0    448   108 ?        Ss   23:13   0:00 /package/admin/s6/command/s6-svscan -d4 -- /run/service
hermes       226  0.2  0.0   2976  1860 ?        S    23:13   0:03 sleep infinity
hermes       493  1.4  0.0   2976  1772 ?        Ss   23:35   0:03 sleep infinity
hermes       500  1.4  0.0   2976  1744 ?        Ss   23:35   0:03 sleep infinity
hermes       486  1.4  0.0   2976  1788 ?        Ss   23:35   0:03 sleep infinity
hermes       580  2.4  0.0   2976  1752 ?        Ss   23:37   0:02 sleep infinity
--- pstree of self ---
--- /proc/loadavg ---
0.10 0.13 0.09 13/374 709
--- recent dmesg (oom/killed) ---
=== end ===
=== shutdown diagnostic @ SIGTERM ===
--- date ---
2026-08-21T23:41:53Z
--- ps auxf (top 60 by cpu) ---
USER         PID %CPU %MEM    VSZ   RSS TTY      STAT START   TIME COMMAND
root           1  0.0  0.0    448   108 ?        Ss   23:13   0:00 /package/admin/s6/command/s6-svscan -d4 -- /run/service
hermes       783  6.2  1.9 922768 160112 ?       Rl   23:39   0:09 /opt/hermes/.venv/bin/python3 /opt/hermes/.venv/bin/hermes -p coder gateway run --no-supervise --force
hermes       893  0.0  0.0   2980  1756 ?        Ss   23:41   0:00  \_ timeout 5 bash -c echo '=== shutdown diagnostic @ SIGTERM ==='; echo '--- date ---'; date -u +%Y-%m-%dT%H:%M:%SZ; echo '--- ps auxf (top 60 by cpu) ---'; ps auxf --sort=-pcpu 2>/dev/null | head -60; echo '--- pstree of self ---'; pstree -plau 783 2>/dev/null | head -40 || true; echo '--- /proc/loadavg ---'; cat /proc/loadavg 2>/dev/null || true; echo '--- recent dmesg (oom/killed) ---'; dmesg -T 2>/dev/null | tail -20 || journalctl --user -n 20 --no-pager 2>/dev/null | tail -20 || true; echo '=== end ==='
hermes       910  0.0  0.0   4452  3396 ?        S    23:41   0:00      \_ bash -c echo '=== shutdown diagnostic @ SIGTERM ==='; echo '--- date ---'; date -u +%Y-%m-%dT%H:%M:%SZ; echo '--- ps auxf (top 60 by cpu) ---'; ps auxf --sort=-pcpu 2>/dev/null | head -60; echo '--- pstree of self ---'; pstree -plau 783 2>/dev/null | head -40 || true; echo '--- /proc/loadavg ---'; cat /proc/loadavg 2>/dev/null || true; echo '--- recent dmesg (oom/killed) ---'; dmesg -T 2>/dev/null | tail -20 || journalctl --user -n 20 --no-pager 2>/dev/null | tail -20 || true; echo '=== end ==='
hermes       929  0.0  0.0   5620  2932 ?        R    23:41   0:00          \_ ps auxf --sort=-pcpu
hermes       775  6.2  1.8 849036 152532 ?       Rl   23:39   0:09 /opt/hermes/.venv/bin/python3 /opt/hermes/.venv/bin/hermes -p pm gateway run --no-supervise --force
hermes       889  0.0  0.0   2980  1796 ?        Ss   23:41   0:00  \_ timeout 5 bash -c echo '=== shutdown diagnostic @ SIGTERM ==='; echo '--- date ---'; date -u +%Y-%m-%dT%H:%M:%SZ; echo '--- ps auxf (top 60 by cpu) ---'; ps auxf --sort=-pcpu 2>/dev/null | head -60; echo '--- pstree of self ---'; pstree -plau 775 2>/dev/null | head -40 || true; echo '--- /proc/loadavg ---'; cat /proc/loadavg 2>/dev/null || true; echo '--- recent dmesg (oom/killed) ---'; dmesg -T 2>/dev/null | tail -20 || journalctl --user -n 20 --no-pager 2>/dev/null | tail -20 || true; echo '=== end ==='
hermes       904  0.0  0.0   4452  3376 ?        S    23:41   0:00      \_ bash -c echo '=== shutdown diagnostic @ SIGTERM ==='; echo '--- date ---'; date -u +%Y-%m-%dT%H:%M:%SZ; echo '--- ps auxf (top 60 by cpu) ---'; ps auxf --sort=-pcpu 2>/dev/null | head -60; echo '--- pstree of self ---'; pstree -plau 775 2>/dev/null | head -40 || true; echo '--- /proc/loadavg ---'; cat /proc/loadavg 2>/dev/null || true; echo '--- recent dmesg (oom/killed) ---'; dmesg -T 2>/dev/null | tail -20 || journalctl --user -n 20 --no-pager 2>/dev/null | tail -20 || true; echo '=== end ==='
hermes       924  0.0  0.0   6804  4012 ?        R    23:41   0:00          \_ ps auxf --sort=-pcpu
hermes       925  0.0  0.0   2984  1812 ?        S    23:41   0:00          \_ head -60
hermes       791  6.1  1.8 922768 151652 ?       Rl   23:39   0:09 /opt/hermes/.venv/bin/python3 /opt/hermes/.venv/bin/hermes -p qa gateway run --no-supervise --force
hermes       896  0.0  0.0   2980  1792 ?        Ss   23:41   0:00  \_ timeout 5 bash -c echo '=== shutdown diagnostic @ SIGTERM ==='; echo '--- date ---'; date -u +%Y-%m-%dT%H:%M:%SZ; echo '--- ps auxf (top 60 by cpu) ---'; ps auxf --sort=-pcpu 2>/dev/null | head -60; echo '--- pstree of self ---'; pstree -plau 791 2>/dev/null | head -40 || true; echo '--- /proc/loadavg ---'; cat /proc/loadavg 2>/dev/null || true; echo '--- recent dmesg (oom/killed) ---'; dmesg -T 2>/dev/null | tail -20 || journalctl --user -n 20 --no-pager 2>/dev/null | tail -20 || true; echo '=== end ==='
hermes       909  0.0  0.0   4452  3352 ?        S    23:41   0:00      \_ bash -c echo '=== shutdown diagnostic @ SIGTERM ==='; echo '--- date ---'; date -u +%Y-%m-%dT%H:%M:%SZ; echo '--- ps auxf (top 60 by cpu) ---'; ps auxf --sort=-pcpu 2>/dev/null | head -60; echo '--- pstree of self ---'; pstree -plau 791 2>/dev/null | head -40 || true; echo '--- /proc/loadavg ---'; cat /proc/loadavg 2>/dev/null || true; echo '--- recent dmesg (oom/killed) ---'; dmesg -T 2>/dev/null | tail -20 || journalctl --user -n 20 --no-pager 2>/dev/null | tail -20 || true; echo '=== end ==='
hermes       930  0.0  0.0   6804  3660 ?        R    23:41   0:00          \_ ps auxf --sort=-pcpu
hermes       931  0.0  0.0   2984  1764 ?        S    23:41   0:00          \_ head -60
hermes       493  0.8  0.0   2976  1772 ?        Ss   23:35   0:03 sleep infinity
hermes       500  0.8  0.0   2976  1744 ?        Ss   23:35   0:03 sleep infinity
hermes       486  0.8  0.0   2976  1788 ?        Ss   23:35   0:03 sleep infinity
hermes       580  1.0  0.0   2976  1752 ?        Ss   23:37   0:02 sleep infinity
--- pstree of self ---
--- /proc/loadavg ---
0.19 0.25 0.15 9/378 946
--- recent dmesg (oom/killed) ---
=== end ===
=== shutdown diagnostic @ SIGTERM ===
--- date ---
2026-08-21T23:42:04Z
--- ps auxf (top 60 by cpu) ---
USER         PID %CPU %MEM    VSZ   RSS TTY      STAT START   TIME COMMAND
root           1  0.0  0.0    448   108 ?        Ss   23:13   0:00 /package/admin/s6/command/s6-svscan -d4 -- /run/service
hermes      1006 91.1  1.8 776548 153168 ?       Rl   23:41   0:09 /opt/hermes/.venv/bin/python3 /opt/hermes/.venv/bin/hermes -p qa gateway run --no-supervise --force
hermes      1093  0.0  0.0   2980  1800 ?        Ss   23:42   0:00  \_ timeout 5 bash -c echo '=== shutdown diagnostic @ SIGTERM ==='; echo '--- date ---'; date -u +%Y-%m-%dT%H:%M:%SZ; echo '--- ps auxf (top 60 by cpu) ---'; ps auxf --sort=-pcpu 2>/dev/null | head -60; echo '--- pstree of self ---'; pstree -plau 1006 2>/dev/null | head -40 || true; echo '--- /proc/loadavg ---'; cat /proc/loadavg 2>/dev/null || true; echo '--- recent dmesg (oom/killed) ---'; dmesg -T 2>/dev/null | tail -20 || journalctl --user -n 20 --no-pager 2>/dev/null | tail -20 || true; echo '=== end ==='
hermes      1105  0.0  0.0   4452  3292 ?        S    23:42   0:00      \_ bash -c echo '=== shutdown diagnostic @ SIGTERM ==='; echo '--- date ---'; date -u +%Y-%m-%dT%H:%M:%SZ; echo '--- ps auxf (top 60 by cpu) ---'; ps auxf --sort=-pcpu 2>/dev/null | head -60; echo '--- pstree of self ---'; pstree -plau 1006 2>/dev/null | head -40 || true; echo '--- /proc/loadavg ---'; cat /proc/loadavg 2>/dev/null || true; echo '--- recent dmesg (oom/killed) ---'; dmesg -T 2>/dev/null | tail -20 || journalctl --user -n 20 --no-pager 2>/dev/null | tail -20 || true; echo '=== end ==='
hermes       988 89.6  1.8 775284 153244 ?       Rl   23:41   0:09 /opt/hermes/.venv/bin/python3 /opt/hermes/.venv/bin/hermes -p pm gateway run --no-supervise --force
hermes      1091  0.0  0.0   2980  1816 ?        Ss   23:42   0:00  \_ timeout 5 bash -c echo '=== shutdown diagnostic @ SIGTERM ==='; echo '--- date ---'; date -u +%Y-%m-%dT%H:%M:%SZ; echo '--- ps auxf (top 60 by cpu) ---'; ps auxf --sort=-pcpu 2>/dev/null | head -60; echo '--- pstree of self ---'; pstree -plau 988 2>/dev/null | head -40 || true; echo '--- /proc/loadavg ---'; cat /proc/loadavg 2>/dev/null || true; echo '--- recent dmesg (oom/killed) ---'; dmesg -T 2>/dev/null | tail -20 || journalctl --user -n 20 --no-pager 2>/dev/null | tail -20 || true; echo '=== end ==='
hermes      1102  0.0  0.0   4452  3344 ?        S    23:42   0:00      \_ bash -c echo '=== shutdown diagnostic @ SIGTERM ==='; echo '--- date ---'; date -u +%Y-%m-%dT%H:%M:%SZ; echo '--- ps auxf (top 60 by cpu) ---'; ps auxf --sort=-pcpu 2>/dev/null | head -60; echo '--- pstree of self ---'; pstree -plau 988 2>/dev/null | head -40 || true; echo '--- /proc/loadavg ---'; cat /proc/loadavg 2>/dev/null || true; echo '--- recent dmesg (oom/killed) ---'; dmesg -T 2>/dev/null | tail -20 || journalctl --user -n 20 --no-pager 2>/dev/null | tail -20 || true; echo '=== end ==='
hermes      1128  0.0  0.0   6804  4084 ?        R    23:42   0:00          \_ ps auxf --sort=-pcpu
hermes      1129  0.0  0.0   2984  1824 ?        S    23:42   0:00          \_ head -60
hermes       996 89.4  1.8 775248 151624 ?       Rl   23:41   0:09 /opt/hermes/.venv/bin/python3 /opt/hermes/.venv/bin/hermes -p coder gateway run --no-supervise --force
hermes      1092  0.0  0.0   2980  1928 ?        Ss   23:42   0:00  \_ timeout 5 bash -c echo '=== shutdown diagnostic @ SIGTERM ==='; echo '--- date ---'; date -u +%Y-%m-%dT%H:%M:%SZ; echo '--- ps auxf (top 60 by cpu) ---'; ps auxf --sort=-pcpu 2>/dev/null | head -60; echo '--- pstree of self ---'; pstree -plau 996 2>/dev/null | head -40 || true; echo '--- /proc/loadavg ---'; cat /proc/loadavg 2>/dev/null || true; echo '--- recent dmesg (oom/killed) ---'; dmesg -T 2>/dev/null | tail -20 || journalctl --user -n 20 --no-pager 2>/dev/null | tail -20 || true; echo '=== end ==='
hermes      1112  0.0  0.0   4452  3376 ?        S    23:42   0:00      \_ bash -c echo '=== shutdown diagnostic @ SIGTERM ==='; echo '--- date ---'; date -u +%Y-%m-%dT%H:%M:%SZ; echo '--- ps auxf (top 60 by cpu) ---'; ps auxf --sort=-pcpu 2>/dev/null | head -60; echo '--- pstree of self ---'; pstree -plau 996 2>/dev/null | head -40 || true; echo '--- /proc/loadavg ---'; cat /proc/loadavg 2>/dev/null || true; echo '--- recent dmesg (oom/killed) ---'; dmesg -T 2>/dev/null | tail -20 || journalctl --user -n 20 --no-pager 2>/dev/null | tail -20 || true; echo '=== end ==='
hermes      1130  0.0  0.0   6804  3652 ?        R    23:42   0:00          \_ ps auxf --sort=-pcpu
hermes      1131  0.0  0.0   2984  1804 ?        S    23:42   0:00          \_ head -60
hermes       493  0.8  0.0   2976  1772 ?        Ss   23:35   0:03 sleep infinity
hermes       500  0.8  0.0   2976  1744 ?        Ss   23:35   0:03 sleep infinity
hermes       486  0.8  0.0   2976  1788 ?        Ss   23:35   0:03 sleep infinity
hermes       580  0.9  0.0   2976  1752 ?        Ss   23:37   0:02 sleep infinity
--- pstree of self ---
--- /proc/loadavg ---
0.78 0.37 0.19 7/365 1147
--- recent dmesg (oom/killed) ---
=== end ===
=== shutdown diagnostic @ SIGTERM ===
--- date ---
2026-08-21T23:51:31Z
--- ps auxf (top 60 by cpu) ---
USER         PID %CPU %MEM    VSZ   RSS TTY      STAT START   TIME COMMAND
root           1  0.0  0.0    448   108 ?        Ss   23:13   0:00 /package/admin/s6/command/s6-svscan -d4 -- /run/service
hermes      1186  1.9  1.9 1008148 160720 ?      Sl   23:42   0:11 /opt/hermes/.venv/bin/python3 /opt/hermes/.venv/bin/hermes -p pm gateway run --no-supervise --force
hermes      1358  0.0  0.0   2980  1932 ?        Ss   23:51   0:00  \_ timeout 5 bash -c echo '=== shutdown diagnostic @ SIGTERM ==='; echo '--- date ---'; date -u +%Y-%m-%dT%H:%M:%SZ; echo '--- ps auxf (top 60 by cpu) ---'; ps auxf --sort=-pcpu 2>/dev/null | head -60; echo '--- pstree of self ---'; pstree -plau 1186 2>/dev/null | head -40 || true; echo '--- /proc/loadavg ---'; cat /proc/loadavg 2>/dev/null || true; echo '--- recent dmesg (oom/killed) ---'; dmesg -T 2>/dev/null | tail -20 || journalctl --user -n 20 --no-pager 2>/dev/null | tail -20 || true; echo '=== end ==='
hermes      1380  0.0  0.0   4452  3436 ?        S    23:51   0:00      \_ bash -c echo '=== shutdown diagnostic @ SIGTERM ==='; echo '--- date ---'; date -u +%Y-%m-%dT%H:%M:%SZ; echo '--- ps auxf (top 60 by cpu) ---'; ps auxf --sort=-pcpu 2>/dev/null | head -60; echo '--- pstree of self ---'; pstree -plau 1186 2>/dev/null | head -40 || true; echo '--- /proc/loadavg ---'; cat /proc/loadavg 2>/dev/null || true; echo '--- recent dmesg (oom/killed) ---'; dmesg -T 2>/dev/null | tail -20 || journalctl --user -n 20 --no-pager 2>/dev/null | tail -20 || true; echo '=== end ==='
hermes      1397  0.0  0.0   6804  4104 ?        R    23:51   0:00          \_ ps auxf --sort=-pcpu
hermes      1398  0.0  0.0   2984  1824 ?        S    23:51   0:00          \_ head -60
hermes      1204  1.9  1.9 1008264 159844 ?      Sl   23:42   0:11 /opt/hermes/.venv/bin/python3 /opt/hermes/.venv/bin/hermes -p qa gateway run --no-supervise --force
hermes      1365  0.0  0.0   2980  1800 ?        Ss   23:51   0:00  \_ timeout 5 bash -c echo '=== shutdown diagnostic @ SIGTERM ==='; echo '--- date ---'; date -u +%Y-%m-%dT%H:%M:%SZ; echo '--- ps auxf (top 60 by cpu) ---'; ps auxf --sort=-pcpu 2>/dev/null | head -60; echo '--- pstree of self ---'; pstree -plau 1204 2>/dev/null | head -40 || true; echo '--- /proc/loadavg ---'; cat /proc/loadavg 2>/dev/null || true; echo '--- recent dmesg (oom/killed) ---'; dmesg -T 2>/dev/null | tail -20 || journalctl --user -n 20 --no-pager 2>/dev/null | tail -20 || true; echo '=== end ==='
hermes      1378  0.0  0.0   4452  3320 ?        S    23:51   0:00      \_ bash -c echo '=== shutdown diagnostic @ SIGTERM ==='; echo '--- date ---'; date -u +%Y-%m-%dT%H:%M:%SZ; echo '--- ps auxf (top 60 by cpu) ---'; ps auxf --sort=-pcpu 2>/dev/null | head -60; echo '--- pstree of self ---'; pstree -plau 1204 2>/dev/null | head -40 || true; echo '--- /proc/loadavg ---'; cat /proc/loadavg 2>/dev/null || true; echo '--- recent dmesg (oom/killed) ---'; dmesg -T 2>/dev/null | tail -20 || journalctl --user -n 20 --no-pager 2>/dev/null | tail -20 || true; echo '=== end ==='
hermes      1399  0.0  0.0   6804  4132 ?        R    23:51   0:00          \_ ps auxf --sort=-pcpu
hermes      1400  0.0  0.0   2984  1812 ?        S    23:51   0:00          \_ head -60
hermes      1194  1.9  1.9 1008100 160748 ?      Sl   23:42   0:11 /opt/hermes/.venv/bin/python3 /opt/hermes/.venv/bin/hermes -p coder gateway run --no-supervise --force
hermes      1364  0.0  0.0   2980  1816 ?        Ss   23:51   0:00  \_ timeout 5 bash -c echo '=== shutdown diagnostic @ SIGTERM ==='; echo '--- date ---'; date -u +%Y-%m-%dT%H:%M:%SZ; echo '--- ps auxf (top 60 by cpu) ---'; ps auxf --sort=-pcpu 2>/dev/null | head -60; echo '--- pstree of self ---'; pstree -plau 1194 2>/dev/null | head -40 || true; echo '--- /proc/loadavg ---'; cat /proc/loadavg 2>/dev/null || true; echo '--- recent dmesg (oom/killed) ---'; dmesg -T 2>/dev/null | tail -20 || journalctl --user -n 20 --no-pager 2>/dev/null | tail -20 || true; echo '=== end ==='
hermes      1374  0.0  0.0   4452  3452 ?        S    23:51   0:00      \_ bash -c echo '=== shutdown diagnostic @ SIGTERM ==='; echo '--- date ---'; date -u +%Y-%m-%dT%H:%M:%SZ; echo '--- ps auxf (top 60 by cpu) ---'; ps auxf --sort=-pcpu 2>/dev/null | head -60; echo '--- pstree of self ---'; pstree -plau 1194 2>/dev/null | head -40 || true; echo '--- /proc/loadavg ---'; cat /proc/loadavg 2>/dev/null || true; echo '--- recent dmesg (oom/killed) ---'; dmesg -T 2>/dev/null | tail -20 || journalctl --user -n 20 --no-pager 2>/dev/null | tail -20 || true; echo '=== end ==='
hermes      1395  0.0  0.0   6804  4108 ?        R    23:51   0:00          \_ ps auxf --sort=-pcpu
hermes      1396  0.0  0.0   2984  1760 ?        S    23:51   0:00          \_ head -60
hermes       580  0.3  0.0   2976  1752 ?        Ss   23:37   0:02 sleep infinity
hermes       493  0.3  0.0   2976  1772 ?        Ss   23:35   0:03 sleep infinity
hermes       500  0.3  0.0   2976  1744 ?        Ss   23:35   0:03 sleep infinity
hermes       486  0.3  0.0   2976  1788 ?        Ss   23:35   0:03 sleep infinity
--- pstree of self ---
--- /proc/loadavg ---
0.14 0.14 0.14 11/372 1414
--- recent dmesg (oom/killed) ---
=== end ===
=== shutdown diagnostic @ SIGTERM ===
--- date ---
2026-08-21T23:51:43Z
--- ps auxf (top 60 by cpu) ---
USER         PID %CPU %MEM    VSZ   RSS TTY      STAT START   TIME COMMAND
root           1  0.0  0.0    448   108 ?        Ss   23:13   0:00 /package/admin/s6/command/s6-svscan -d4 -- /run/service
hermes      1467 80.4  2.2 712628 183628 ?       Rl   23:51   0:08 /opt/hermes/.venv/bin/python3 /opt/hermes/.venv/bin/hermes -p qa gateway run --no-supervise --force
hermes      1547  0.0  0.0   2980  1812 ?        Ss   23:51   0:00  \_ timeout 5 bash -c echo '=== shutdown diagnostic @ SIGTERM ==='; echo '--- date ---'; date -u +%Y-%m-%dT%H:%M:%SZ; echo '--- ps auxf (top 60 by cpu) ---'; ps auxf --sort=-pcpu 2>/dev/null | head -60; echo '--- pstree of self ---'; pstree -plau 1467 2>/dev/null | head -40 || true; echo '--- /proc/loadavg ---'; cat /proc/loadavg 2>/dev/null || true; echo '--- recent dmesg (oom/killed) ---'; dmesg -T 2>/dev/null | tail -20 || journalctl --user -n 20 --no-pager 2>/dev/null | tail -20 || true; echo '=== end ==='
hermes      1568  0.0  0.0   4452  3460 ?        S    23:51   0:00      \_ bash -c echo '=== shutdown diagnostic @ SIGTERM ==='; echo '--- date ---'; date -u +%Y-%m-%dT%H:%M:%SZ; echo '--- ps auxf (top 60 by cpu) ---'; ps auxf --sort=-pcpu 2>/dev/null | head -60; echo '--- pstree of self ---'; pstree -plau 1467 2>/dev/null | head -40 || true; echo '--- /proc/loadavg ---'; cat /proc/loadavg 2>/dev/null || true; echo '--- recent dmesg (oom/killed) ---'; dmesg -T 2>/dev/null | tail -20 || journalctl --user -n 20 --no-pager 2>/dev/null | tail -20 || true; echo '=== end ==='
hermes      1584  0.0  0.0   6804  4024 ?        R    23:51   0:00          \_ ps auxf --sort=-pcpu
hermes      1586  0.0  0.0   2984  1820 ?        S    23:51   0:00          \_ head -60
hermes      1459 80.0  2.2 712620 184088 ?       Rl   23:51   0:08 /opt/hermes/.venv/bin/python3 /opt/hermes/.venv/bin/hermes -p coder gateway run --no-supervise --force
hermes      1543  0.0  0.0   2980  1744 ?        Ss   23:51   0:00  \_ timeout 5 bash -c echo '=== shutdown diagnostic @ SIGTERM ==='; echo '--- date ---'; date -u +%Y-%m-%dT%H:%M:%SZ; echo '--- ps auxf (top 60 by cpu) ---'; ps auxf --sort=-pcpu 2>/dev/null | head -60; echo '--- pstree of self ---'; pstree -plau 1459 2>/dev/null | head -40 || true; echo '--- /proc/loadavg ---'; cat /proc/loadavg 2>/dev/null || true; echo '--- recent dmesg (oom/killed) ---'; dmesg -T 2>/dev/null | tail -20 || journalctl --user -n 20 --no-pager 2>/dev/null | tail -20 || true; echo '=== end ==='
hermes      1557  0.0  0.0   4452  3352 ?        S    23:51   0:00      \_ bash -c echo '=== shutdown diagnostic @ SIGTERM ==='; echo '--- date ---'; date -u +%Y-%m-%dT%H:%M:%SZ; echo '--- ps auxf (top 60 by cpu) ---'; ps auxf --sort=-pcpu 2>/dev/null | head -60; echo '--- pstree of self ---'; pstree -plau 1459 2>/dev/null | head -40 || true; echo '--- /proc/loadavg ---'; cat /proc/loadavg 2>/dev/null || true; echo '--- recent dmesg (oom/killed) ---'; dmesg -T 2>/dev/null | tail -20 || journalctl --user -n 20 --no-pager 2>/dev/null | tail -20 || true; echo '=== end ==='
hermes      1581  0.0  0.0   6804  4036 ?        R    23:51   0:00          \_ ps auxf --sort=-pcpu
hermes      1582  0.0  0.0   2984  1756 ?        S    23:51   0:00          \_ head -60
hermes      1449 79.8  2.2 712648 183584 ?       Rl   23:51   0:08 /opt/hermes/.venv/bin/python3 /opt/hermes/.venv/bin/hermes -p pm gateway run --no-supervise --force
hermes      1548  0.0  0.0   2980  1796 ?        Ss   23:51   0:00  \_ timeout 5 bash -c echo '=== shutdown diagnostic @ SIGTERM ==='; echo '--- date ---'; date -u +%Y-%m-%dT%H:%M:%SZ; echo '--- ps auxf (top 60 by cpu) ---'; ps auxf --sort=-pcpu 2>/dev/null | head -60; echo '--- pstree of self ---'; pstree -plau 1449 2>/dev/null | head -40 || true; echo '--- /proc/loadavg ---'; cat /proc/loadavg 2>/dev/null || true; echo '--- recent dmesg (oom/killed) ---'; dmesg -T 2>/dev/null | tail -20 || journalctl --user -n 20 --no-pager 2>/dev/null | tail -20 || true; echo '=== end ==='
hermes      1561  0.0  0.0   4452  3440 ?        S    23:51   0:00      \_ bash -c echo '=== shutdown diagnostic @ SIGTERM ==='; echo '--- date ---'; date -u +%Y-%m-%dT%H:%M:%SZ; echo '--- ps auxf (top 60 by cpu) ---'; ps auxf --sort=-pcpu 2>/dev/null | head -60; echo '--- pstree of self ---'; pstree -plau 1449 2>/dev/null | head -40 || true; echo '--- /proc/loadavg ---'; cat /proc/loadavg 2>/dev/null || true; echo '--- recent dmesg (oom/killed) ---'; dmesg -T 2>/dev/null | tail -20 || journalctl --user -n 20 --no-pager 2>/dev/null | tail -20 || true; echo '=== end ==='
hermes      1575  0.0  0.0   6804  4100 ?        R    23:51   0:00          \_ ps auxf --sort=-pcpu
hermes      1578  0.0  0.0   2984  1828 ?        S    23:51   0:00          \_ head -60
hermes       580  0.3  0.0   2976  1752 ?        Ss   23:37   0:02 sleep infinity
hermes       493  0.3  0.0   2976  1772 ?        Ss   23:35   0:03 sleep infinity
hermes       500  0.3  0.0   2976  1744 ?        Ss   23:35   0:03 sleep infinity
hermes       486  0.3  0.0   2976  1788 ?        Ss   23:35   0:03 sleep infinity
--- pstree of self ---
--- /proc/loadavg ---
0.91 0.32 0.20 7/362 1599
--- recent dmesg (oom/killed) ---
=== end ===
=== shutdown diagnostic @ SIGTERM ===
--- date ---
2026-08-22T00:04:16Z
--- ps auxf (top 60 by cpu) ---
USER         PID %CPU %MEM    VSZ   RSS TTY      STAT START   TIME COMMAND
root           1  0.0  0.0    448   108 ?        Ss   Aug21   0:00 /package/admin/s6/command/s6-svscan -d4 -- /run/service
hermes      1654  2.3  2.6 1365164 219080 ?      Sl   Aug21   0:17 /opt/hermes/.venv/bin/python3 /opt/hermes/.venv/bin/hermes -p qa gateway run --no-supervise --force
hermes      1646  2.2  2.6 1364128 217104 ?      Sl   Aug21   0:17 /opt/hermes/.venv/bin/python3 /opt/hermes/.venv/bin/hermes -p coder gateway run --no-supervise --force
hermes      1636  1.7  1.9 935396 162064 ?       Rl   Aug21   0:13 /opt/hermes/.venv/bin/python3 /opt/hermes/.venv/bin/hermes -p pm gateway run --no-supervise --force
hermes      1844  0.0  0.0   2980  1816 ?        Ss   00:04   0:00  \_ timeout 5 bash -c echo '=== shutdown diagnostic @ SIGTERM ==='; echo '--- date ---'; date -u +%Y-%m-%dT%H:%M:%SZ; echo '--- ps auxf (top 60 by cpu) ---'; ps auxf --sort=-pcpu 2>/dev/null | head -60; echo '--- pstree of self ---'; pstree -plau 1636 2>/dev/null | head -40 || true; echo '--- /proc/loadavg ---'; cat /proc/loadavg 2>/dev/null || true; echo '--- recent dmesg (oom/killed) ---'; dmesg -T 2>/dev/null | tail -20 || journalctl --user -n 20 --no-pager 2>/dev/null | tail -20 || true; echo '=== end ==='
hermes      1846  0.0  0.0   4452  3408 ?        S    00:04   0:00      \_ bash -c echo '=== shutdown diagnostic @ SIGTERM ==='; echo '--- date ---'; date -u +%Y-%m-%dT%H:%M:%SZ; echo '--- ps auxf (top 60 by cpu) ---'; ps auxf --sort=-pcpu 2>/dev/null | head -60; echo '--- pstree of self ---'; pstree -plau 1636 2>/dev/null | head -40 || true; echo '--- /proc/loadavg ---'; cat /proc/loadavg 2>/dev/null || true; echo '--- recent dmesg (oom/killed) ---'; dmesg -T 2>/dev/null | tail -20 || journalctl --user -n 20 --no-pager 2>/dev/null | tail -20 || true; echo '=== end ==='
hermes      1848  0.0  0.0   6804  4072 ?        R    00:04   0:00          \_ ps auxf --sort=-pcpu
hermes      1849  0.0  0.0   2984  1820 ?        S    00:04   0:00          \_ head -60
hermes       580  0.1  0.0   2976  1752 ?        Ss   Aug21   0:02 sleep infinity
hermes       493  0.1  0.0   2976  1772 ?        Ss   Aug21   0:03 sleep infinity
hermes       500  0.1  0.0   2976  1744 ?        Ss   Aug21   0:03 sleep infinity
hermes       486  0.1  0.0   2976  1788 ?        Ss   Aug21   0:03 sleep infinity
--- pstree of self ---
--- /proc/loadavg ---
0.13 0.07 0.11 2/367 1852
--- recent dmesg (oom/killed) ---
=== end ===
=== shutdown diagnostic @ SIGTERM ===
--- date ---
2026-08-22T01:22:56Z
--- ps auxf (top 60 by cpu) ---
USER         PID %CPU %MEM    VSZ   RSS TTY      STAT START   TIME COMMAND
root           1  0.0  0.0    448   108 ?        Ss   Aug21   0:00 /package/admin/s6/command/s6-svscan -d4 -- /run/service
hermes      1864  0.8  3.0 1431748 245772 ?      Sl   00:04   0:41 /opt/hermes/.venv/bin/python3 /opt/hermes/.venv/bin/hermes -p pm gateway run --no-supervise --force
hermes      2172  0.0  0.0   2980  1868 ?        Ss   01:22   0:00  \_ timeout 5 bash -c echo '=== shutdown diagnostic @ SIGTERM ==='; echo '--- date ---'; date -u +%Y-%m-%dT%H:%M:%SZ; echo '--- ps auxf (top 60 by cpu) ---'; ps auxf --sort=-pcpu 2>/dev/null | head -60; echo '--- pstree of self ---'; pstree -plau 1864 2>/dev/null | head -40 || true; echo '--- /proc/loadavg ---'; cat /proc/loadavg 2>/dev/null || true; echo '--- recent dmesg (oom/killed) ---'; dmesg -T 2>/dev/null | tail -20 || journalctl --user -n 20 --no-pager 2>/dev/null | tail -20 || true; echo '=== end ==='
hermes      2174  0.0  0.0   4452  3428 ?        S    01:22   0:00      \_ bash -c echo '=== shutdown diagnostic @ SIGTERM ==='; echo '--- date ---'; date -u +%Y-%m-%dT%H:%M:%SZ; echo '--- ps auxf (top 60 by cpu) ---'; ps auxf --sort=-pcpu 2>/dev/null | head -60; echo '--- pstree of self ---'; pstree -plau 1864 2>/dev/null | head -40 || true; echo '--- /proc/loadavg ---'; cat /proc/loadavg 2>/dev/null || true; echo '--- recent dmesg (oom/killed) ---'; dmesg -T 2>/dev/null | tail -20 || journalctl --user -n 20 --no-pager 2>/dev/null | tail -20 || true; echo '=== end ==='
hermes      2176  0.0  0.0   6804  3984 ?        R    01:22   0:00          \_ ps auxf --sort=-pcpu
hermes      2177  0.0  0.0   2984  1808 ?        S    01:22   0:00          \_ head -60
hermes      1973  0.8  2.7 1506556 223636 ?      Sl   00:12   0:36 /opt/hermes/.venv/bin/python3 /opt/hermes/.venv/bin/hermes -p banker gateway run --no-supervise --force
hermes      1654  0.8  2.7 1357992 219968 ?      Sl   Aug21   0:44 /opt/hermes/.venv/bin/python3 /opt/hermes/.venv/bin/hermes -p qa gateway run --no-supervise --force
hermes      1646  0.8  2.6 1357980 218656 ?      Sl   Aug21   0:44 /opt/hermes/.venv/bin/python3 /opt/hermes/.venv/bin/hermes -p coder gateway run --no-supervise --force
hermes       580  0.0  0.0   2976  1752 ?        Ss   Aug21   0:02 sleep infinity
hermes       493  0.0  0.0   2976  1772 ?        Ss   Aug21   0:03 sleep infinity
hermes       500  0.0  0.0   2976  1744 ?        Ss   Aug21   0:03 sleep infinity
hermes       486  0.0  0.0   2976  1788 ?        Ss   Aug21   0:03 sleep infinity
--- pstree of self ---
--- /proc/loadavg ---
0.04 0.01 0.00 2/376 2180
--- recent dmesg (oom/killed) ---
=== end ===
=== shutdown diagnostic @ SIGTERM ===
--- date ---
2026-08-22T01:26:30Z
--- ps auxf (top 60 by cpu) ---
USER         PID %CPU %MEM    VSZ   RSS TTY      STAT START   TIME COMMAND
root           1  0.0  0.0    448   108 ?        Ss   Aug21   0:00 /package/admin/s6/command/s6-svscan -d4 -- /run/service
hermes      2192  5.8  2.6 1365904 215792 ?      Sl   01:22   0:12 /opt/hermes/.venv/bin/python3 /opt/hermes/.venv/bin/hermes -p pm gateway run --no-supervise --force
hermes      2300  0.0  0.0   2980  1868 ?        Ss   01:26   0:00  \_ timeout 5 bash -c echo '=== shutdown diagnostic @ SIGTERM ==='; echo '--- date ---'; date -u +%Y-%m-%dT%H:%M:%SZ; echo '--- ps auxf (top 60 by cpu) ---'; ps auxf --sort=-pcpu 2>/dev/null | head -60; echo '--- pstree of self ---'; pstree -plau 2192 2>/dev/null | head -40 || true; echo '--- /proc/loadavg ---'; cat /proc/loadavg 2>/dev/null || true; echo '--- recent dmesg (oom/killed) ---'; dmesg -T 2>/dev/null | tail -20 || journalctl --user -n 20 --no-pager 2>/dev/null | tail -20 || true; echo '=== end ==='
hermes      2302  0.0  0.0   4452  3424 ?        S    01:26   0:00      \_ bash -c echo '=== shutdown diagnostic @ SIGTERM ==='; echo '--- date ---'; date -u +%Y-%m-%dT%H:%M:%SZ; echo '--- ps auxf (top 60 by cpu) ---'; ps auxf --sort=-pcpu 2>/dev/null | head -60; echo '--- pstree of self ---'; pstree -plau 2192 2>/dev/null | head -40 || true; echo '--- /proc/loadavg ---'; cat /proc/loadavg 2>/dev/null || true; echo '--- recent dmesg (oom/killed) ---'; dmesg -T 2>/dev/null | tail -20 || journalctl --user -n 20 --no-pager 2>/dev/null | tail -20 || true; echo '=== end ==='
hermes      2304  0.0  0.0   6804  4036 ?        R    01:26   0:00          \_ ps auxf --sort=-pcpu
hermes      2305  0.0  0.0   2984  1848 ?        S    01:26   0:00          \_ head -60
hermes       580  0.0  0.0   2976  1752 ?        Ss   Aug21   0:02 sleep infinity
hermes       493  0.0  0.0   2976  1772 ?        Ss   Aug21   0:03 sleep infinity
hermes       500  0.0  0.0   2976  1744 ?        Ss   Aug21   0:03 sleep infinity
hermes       486  0.0  0.0   2976  1788 ?        Ss   Aug21   0:03 sleep infinity
--- pstree of self ---
--- /proc/loadavg ---
0.12 0.07 0.02 3/375 2308
--- recent dmesg (oom/killed) ---
=== end ===
=== shutdown diagnostic @ SIGTERM ===
--- date ---
2026-08-22T01:34:01Z
--- ps auxf (top 60 by cpu) ---
USER         PID %CPU %MEM    VSZ   RSS TTY      STAT START   TIME COMMAND
root           1  0.0  0.0    448   108 ?        Ss   Aug21   0:00 /package/admin/s6/command/s6-svscan -d4 -- /run/service
hermes      2320  2.9  2.6 1356664 215396 ?      Sl   01:26   0:13 /opt/hermes/.venv/bin/python3 /opt/hermes/.venv/bin/hermes -p pm gateway run --no-supervise --force
hermes      2357  0.0  0.0   2980  1840 ?        Ss   01:34   0:00  \_ timeout 5 bash -c echo '=== shutdown diagnostic @ SIGTERM ==='; echo '--- date ---'; date -u +%Y-%m-%dT%H:%M:%SZ; echo '--- ps auxf (top 60 by cpu) ---'; ps auxf --sort=-pcpu 2>/dev/null | head -60; echo '--- pstree of self ---'; pstree -plau 2320 2>/dev/null | head -40 || true; echo '--- /proc/loadavg ---'; cat /proc/loadavg 2>/dev/null || true; echo '--- recent dmesg (oom/killed) ---'; dmesg -T 2>/dev/null | tail -20 || journalctl --user -n 20 --no-pager 2>/dev/null | tail -20 || true; echo '=== end ==='
hermes      2359  0.0  0.0   4452  3456 ?        S    01:34   0:00      \_ bash -c echo '=== shutdown diagnostic @ SIGTERM ==='; echo '--- date ---'; date -u +%Y-%m-%dT%H:%M:%SZ; echo '--- ps auxf (top 60 by cpu) ---'; ps auxf --sort=-pcpu 2>/dev/null | head -60; echo '--- pstree of self ---'; pstree -plau 2320 2>/dev/null | head -40 || true; echo '--- /proc/loadavg ---'; cat /proc/loadavg 2>/dev/null || true; echo '--- recent dmesg (oom/killed) ---'; dmesg -T 2>/dev/null | tail -20 || journalctl --user -n 20 --no-pager 2>/dev/null | tail -20 || true; echo '=== end ==='
hermes      2361  0.0  0.0   6804  4084 ?        R    01:34   0:00          \_ ps auxf --sort=-pcpu
hermes      2362  0.0  0.0   2984  1760 ?        S    01:34   0:00          \_ head -60
hermes       580  0.0  0.0   2976  1752 ?        Ss   Aug21   0:02 sleep infinity
hermes       493  0.0  0.0   2976  1772 ?        Ss   Aug21   0:03 sleep infinity
hermes       500  0.0  0.0   2976  1744 ?        Ss   Aug21   0:03 sleep infinity
hermes       486  0.0  0.0   2976  1788 ?        Ss   Aug21   0:03 sleep infinity
--- pstree of self ---
--- /proc/loadavg ---
0.09 0.06 0.01 4/374 2365
--- recent dmesg (oom/killed) ---
=== end ===
=== shutdown diagnostic @ SIGTERM ===
--- date ---
2026-08-22T01:36:16Z
--- ps auxf (top 60 by cpu) ---
USER         PID %CPU %MEM    VSZ   RSS TTY      STAT START   TIME COMMAND
root           1  0.0  0.0    448   108 ?        Ss   Aug21   0:00 /package/admin/s6/command/s6-svscan -d4 -- /run/service
hermes      2377  8.3  2.6 1364876 216432 ?      Sl   01:34   0:11 /opt/hermes/.venv/bin/python3 /opt/hermes/.venv/bin/hermes -p pm gateway run --no-supervise --force
hermes      2424  0.0  0.0   2980  1816 ?        Ss   01:36   0:00  \_ timeout 5 bash -c echo '=== shutdown diagnostic @ SIGTERM ==='; echo '--- date ---'; date -u +%Y-%m-%dT%H:%M:%SZ; echo '--- ps auxf (top 60 by cpu) ---'; ps auxf --sort=-pcpu 2>/dev/null | head -60; echo '--- pstree of self ---'; pstree -plau 2377 2>/dev/null | head -40 || true; echo '--- /proc/loadavg ---'; cat /proc/loadavg 2>/dev/null || true; echo '--- recent dmesg (oom/killed) ---'; dmesg -T 2>/dev/null | tail -20 || journalctl --user -n 20 --no-pager 2>/dev/null | tail -20 || true; echo '=== end ==='
hermes      2426  0.0  0.0   4452  3432 ?        S    01:36   0:00      \_ bash -c echo '=== shutdown diagnostic @ SIGTERM ==='; echo '--- date ---'; date -u +%Y-%m-%dT%H:%M:%SZ; echo '--- ps auxf (top 60 by cpu) ---'; ps auxf --sort=-pcpu 2>/dev/null | head -60; echo '--- pstree of self ---'; pstree -plau 2377 2>/dev/null | head -40 || true; echo '--- /proc/loadavg ---'; cat /proc/loadavg 2>/dev/null || true; echo '--- recent dmesg (oom/killed) ---'; dmesg -T 2>/dev/null | tail -20 || journalctl --user -n 20 --no-pager 2>/dev/null | tail -20 || true; echo '=== end ==='
hermes      2428  0.0  0.0   6804  4036 ?        R    01:36   0:00          \_ ps auxf --sort=-pcpu
hermes      2429  0.0  0.0   2984  1848 ?        S    01:36   0:00          \_ head -60
hermes       580  0.0  0.0   2976  1752 ?        Ss   Aug21   0:02 sleep infinity
hermes       493  0.0  0.0   2976  1772 ?        Ss   Aug21   0:03 sleep infinity
hermes       500  0.0  0.0   2976  1744 ?        Ss   Aug21   0:03 sleep infinity
hermes       486  0.0  0.0   2976  1788 ?        Ss   Aug21   0:03 sleep infinity
--- pstree of self ---
--- /proc/loadavg ---
0.06 0.08 0.02 2/375 2432
--- recent dmesg (oom/killed) ---
=== end ===
=== shutdown diagnostic @ SIGTERM ===
--- date ---
2026-08-22T02:15:37Z
--- ps auxf (top 60 by cpu) ---
USER         PID %CPU %MEM    VSZ   RSS TTY      STAT START   TIME COMMAND
root           1  0.0  0.0    448   108 ?        Ss   Aug21   0:00 /package/admin/s6/command/s6-svscan -d4 -- /run/service
root        2550 13.3  0.0    232    80 ?        S    02:15   0:00 s6-supervise gateway-qa/log
root        2568 46.4  0.0   2680  1808 ?        Rs   02:15   0:00  \_ sh ./run gateway-qa/log
hermes       580  0.0  0.0   2976  1752 ?        Ss   Aug21   0:02 sleep infinity
hermes       493  0.0  0.0   2976  1772 ?        Ss   Aug21   0:03 sleep infinity
hermes       500  0.0  0.0   2976  1744 ?        Ss   Aug21   0:03 sleep infinity
hermes       486  0.0  0.0   2976  1788 ?        Ss   Aug21   0:03 sleep infinity
--- pstree of self ---
--- /proc/loadavg ---
0.00 0.00 0.00 9/385 2620
--- recent dmesg (oom/killed) ---
=== end ===
=== shutdown diagnostic @ SIGTERM ===
--- date ---
2026-08-22T02:57:36Z
--- ps auxf (top 60 by cpu) ---
USER         PID %CPU %MEM    VSZ   RSS TTY      STAT START   TIME COMMAND
root           1  0.0  0.0    448   108 ?        Ss   Aug21   0:00 /package/admin/s6/command/s6-svscan -d4 -- /run/service
hermes      2680  4.7  4.7 2306404 386924 ?      Sl   02:15   2:00 /opt/hermes/.venv/bin/python3 /opt/hermes/.venv/bin/hermes -p qa gateway run --no-supervise --force
hermes      7797  0.0  0.0   2980  1840 ?        Ss   02:57   0:00  \_ timeout 5 bash -c echo '=== shutdown diagnostic @ SIGTERM ==='; echo '--- date ---'; date -u +%Y-%m-%dT%H:%M:%SZ; echo '--- ps auxf (top 60 by cpu) ---'; ps auxf --sort=-pcpu 2>/dev/null | head -60; echo '--- pstree of self ---'; pstree -plau 2680 2>/dev/null | head -40 || true; echo '--- /proc/loadavg ---'; cat /proc/loadavg 2>/dev/null || true; echo '--- recent dmesg (oom/killed) ---'; dmesg -T 2>/dev/null | tail -20 || journalctl --user -n 20 --no-pager 2>/dev/null | tail -20 || true; echo '=== end ==='
hermes      7809  0.0  0.0   4452  3412 ?        S    02:57   0:00      \_ bash -c echo '=== shutdown diagnostic @ SIGTERM ==='; echo '--- date ---'; date -u +%Y-%m-%dT%H:%M:%SZ; echo '--- ps auxf (top 60 by cpu) ---'; ps auxf --sort=-pcpu 2>/dev/null | head -60; echo '--- pstree of self ---'; pstree -plau 2680 2>/dev/null | head -40 || true; echo '--- /proc/loadavg ---'; cat /proc/loadavg 2>/dev/null || true; echo '--- recent dmesg (oom/killed) ---'; dmesg -T 2>/dev/null | tail -20 || journalctl --user -n 20 --no-pager 2>/dev/null | tail -20 || true; echo '=== end ==='
hermes      7824  0.0  0.0   6804  3836 ?        R    02:57   0:00          \_ ps auxf --sort=-pcpu
hermes      7825  0.0  0.0   2984  1732 ?        S    02:57   0:00          \_ head -60
hermes      3210  4.5  4.1 1955136 341188 ?      Sl   02:31   1:12 /opt/hermes/.venv/bin/python3 /opt/hermes/.venv/bin/hermes -p banker gateway run --no-supervise --force
hermes      7800  0.0  0.0   2980  1816 ?        Ss   02:57   0:00  \_ timeout 5 bash -c echo '=== shutdown diagnostic @ SIGTERM ==='; echo '--- date ---'; date -u +%Y-%m-%dT%H:%M:%SZ; echo '--- ps auxf (top 60 by cpu) ---'; ps auxf --sort=-pcpu 2>/dev/null | head -60; echo '--- pstree of self ---'; pstree -plau 3210 2>/dev/null | head -40 || true; echo '--- /proc/loadavg ---'; cat /proc/loadavg 2>/dev/null || true; echo '--- recent dmesg (oom/killed) ---'; dmesg -T 2>/dev/null | tail -20 || journalctl --user -n 20 --no-pager 2>/dev/null | tail -20 || true; echo '=== end ==='
hermes      7805  0.0  0.0   4452  3452 ?        R    02:57   0:00      \_ bash -c echo '=== shutdown diagnostic @ SIGTERM ==='; echo '--- date ---'; date -u +%Y-%m-%dT%H:%M:%SZ; echo '--- ps auxf (top 60 by cpu) ---'; ps auxf --sort=-pcpu 2>/dev/null | head -60; echo '--- pstree of self ---'; pstree -plau 3210 2>/dev/null | head -40 || true; echo '--- /proc/loadavg ---'; cat /proc/loadavg 2>/dev/null || true; echo '--- recent dmesg (oom/killed) ---'; dmesg -T 2>/dev/null | tail -20 || journalctl --user -n 20 --no-pager 2>/dev/null | tail -20 || true; echo '=== end ==='
hermes      2672  4.0  4.6 2393448 374804 ?      Sl   02:15   1:42 /opt/hermes/.venv/bin/python3 /opt/hermes/.venv/bin/hermes -p coder gateway run --no-supervise --force
hermes      7799  0.0  0.0   2980  1820 ?        Ss   02:57   0:00  \_ timeout 5 bash -c echo '=== shutdown diagnostic @ SIGTERM ==='; echo '--- date ---'; date -u +%Y-%m-%dT%H:%M:%SZ; echo '--- ps auxf (top 60 by cpu) ---'; ps auxf --sort=-pcpu 2>/dev/null | head -60; echo '--- pstree of self ---'; pstree -plau 2672 2>/dev/null | head -40 || true; echo '--- /proc/loadavg ---'; cat /proc/loadavg 2>/dev/null || true; echo '--- recent dmesg (oom/killed) ---'; dmesg -T 2>/dev/null | tail -20 || journalctl --user -n 20 --no-pager 2>/dev/null | tail -20 || true; echo '=== end ==='
hermes      7806  0.0  0.0   4452  3436 ?        S    02:57   0:00      \_ bash -c echo '=== shutdown diagnostic @ SIGTERM ==='; echo '--- date ---'; date -u +%Y-%m-%dT%H:%M:%SZ; echo '--- ps auxf (top 60 by cpu) ---'; ps auxf --sort=-pcpu 2>/dev/null | head -60; echo '--- pstree of self ---'; pstree -plau 2672 2>/dev/null | head -40 || true; echo '--- /proc/loadavg ---'; cat /proc/loadavg 2>/dev/null || true; echo '--- recent dmesg (oom/killed) ---'; dmesg -T 2>/dev/null | tail -20 || journalctl --user -n 20 --no-pager 2>/dev/null | tail -20 || true; echo '=== end ==='
hermes      7820  0.0  0.0   6804  4124 ?        R    02:57   0:00          \_ ps auxf --sort=-pcpu
hermes      7821  0.0  0.0   2984  1844 ?        R    02:57   0:00          \_ head -60
hermes      2664  4.0  4.2 2025836 348172 ?      Sl   02:15   1:41 /opt/hermes/.venv/bin/python3 /opt/hermes/.venv/bin/hermes -p pm gateway run --no-supervise --force
hermes      7798  0.0  0.0   2980  1908 ?        Ss   02:57   0:00  \_ timeout 5 bash -c echo '=== shutdown diagnostic @ SIGTERM ==='; echo '--- date ---'; date -u +%Y-%m-%dT%H:%M:%SZ; echo '--- ps auxf (top 60 by cpu) ---'; ps auxf --sort=-pcpu 2>/dev/null | head -60; echo '--- pstree of self ---'; pstree -plau 2664 2>/dev/null | head -40 || true; echo '--- /proc/loadavg ---'; cat /proc/loadavg 2>/dev/null || true; echo '--- recent dmesg (oom/killed) ---'; dmesg -T 2>/dev/null | tail -20 || journalctl --user -n 20 --no-pager 2>/dev/null | tail -20 || true; echo '=== end ==='
hermes      7808  0.0  0.0   4452  3300 ?        S    02:57   0:00      \_ bash -c echo '=== shutdown diagnostic @ SIGTERM ==='; echo '--- date ---'; date -u +%Y-%m-%dT%H:%M:%SZ; echo '--- ps auxf (top 60 by cpu) ---'; ps auxf --sort=-pcpu 2>/dev/null | head -60; echo '--- pstree of self ---'; pstree -plau 2664 2>/dev/null | head -40 || true; echo '--- /proc/loadavg ---'; cat /proc/loadavg 2>/dev/null || true; echo '--- recent dmesg (oom/killed) ---'; dmesg -T 2>/dev/null | tail -20 || journalctl --user -n 20 --no-pager 2>/dev/null | tail -20 || true; echo '=== end ==='
hermes      7822  0.0  0.0   6804  4128 ?        R    02:57   0:00          \_ ps auxf --sort=-pcpu
hermes      7823  0.0  0.0   2984  1828 ?        S    02:57   0:00          \_ head -60
hermes       580  0.0  0.0   2976  1752 ?        Ss   Aug21   0:02 sleep infinity
hermes       493  0.0  0.0   2976  1772 ?        Ss   Aug21   0:03 sleep infinity
hermes       500  0.0  0.0   2976  1744 ?        Ss   Aug21   0:03 sleep infinity
hermes       486  0.0  0.0   2976  1788 ?        Ss   Aug21   0:03 sleep infinity
--- pstree of self ---
--- /proc/loadavg ---
0.42 0.47 0.40 6/423 7846
--- recent dmesg (oom/killed) ---
=== end ===
=== shutdown diagnostic @ SIGTERM ===
--- date ---
2026-08-22T03:04:00Z
--- ps auxf (top 60 by cpu) ---
USER         PID %CPU %MEM    VSZ   RSS TTY      STAT START   TIME COMMAND
root           1  0.0  0.0    448   108 ?        Ss   Aug21   0:00 /package/admin/s6/command/s6-svscan -d4 -- /run/service
hermes      7914 16.3  3.5 2019748 292540 ?      Sl   02:59   0:39 /opt/hermes/.venv/bin/python3 /opt/hermes/.venv/bin/hermes -p qa gateway run --no-supervise --force
hermes      8960  0.0  0.0      0     0 ?        Zs   03:04   0:00  \_ [timeout] <defunct>
hermes      7898 15.5  3.4 1920012 276592 ?      Sl   02:59   0:38 /opt/hermes/.venv/bin/python3 /opt/hermes/.venv/bin/hermes -p pm gateway run --no-supervise --force
hermes      9003  0.0  0.0   2980  1816 ?        Ss   03:04   0:00  \_ timeout 5 bash -c echo '=== shutdown diagnostic @ SIGTERM ==='; echo '--- date ---'; date -u +%Y-%m-%dT%H:%M:%SZ; echo '--- ps auxf (top 60 by cpu) ---'; ps auxf --sort=-pcpu 2>/dev/null | head -60; echo '--- pstree of self ---'; pstree -plau 7898 2>/dev/null | head -40 || true; echo '--- /proc/loadavg ---'; cat /proc/loadavg 2>/dev/null || true; echo '--- recent dmesg (oom/killed) ---'; dmesg -T 2>/dev/null | tail -20 || journalctl --user -n 20 --no-pager 2>/dev/null | tail -20 || true; echo '=== end ==='
hermes      9004  0.0  0.0   4452  3424 ?        S    03:04   0:00      \_ bash -c echo '=== shutdown diagnostic @ SIGTERM ==='; echo '--- date ---'; date -u +%Y-%m-%dT%H:%M:%SZ; echo '--- ps auxf (top 60 by cpu) ---'; ps auxf --sort=-pcpu 2>/dev/null | head -60; echo '--- pstree of self ---'; pstree -plau 7898 2>/dev/null | head -40 || true; echo '--- /proc/loadavg ---'; cat /proc/loadavg 2>/dev/null || true; echo '--- recent dmesg (oom/killed) ---'; dmesg -T 2>/dev/null | tail -20 || journalctl --user -n 20 --no-pager 2>/dev/null | tail -20 || true; echo '=== end ==='
hermes      9007  0.0  0.0   6804  3964 ?        R    03:04   0:00          \_ ps auxf --sort=-pcpu
hermes      9008  0.0  0.0   2984  1808 ?        S    03:04   0:00          \_ head -60
hermes      7906 13.5  3.3 2025888 272168 ?      Sl   02:59   0:33 /opt/hermes/.venv/bin/python3 /opt/hermes/.venv/bin/hermes -p coder gateway run --no-supervise --force
hermes      8959  0.0  0.0      0     0 ?        Zs   03:04   0:00  \_ [timeout] <defunct>
hermes      7923 12.4  3.1 1515552 252632 ?      Sl   02:59   0:30 /opt/hermes/.venv/bin/python3 /opt/hermes/.venv/bin/hermes -p banker gateway run --no-supervise --force
hermes      8961  0.0  0.0      0     0 ?        Zs   03:04   0:00  \_ [timeout] <defunct>
hermes       580  0.0  0.0   2976  1752 ?        Ss   Aug21   0:02 sleep infinity
hermes       493  0.0  0.0   2976  1772 ?        Ss   Aug21   0:03 sleep infinity
hermes       500  0.0  0.0   2976  1744 ?        Ss   Aug21   0:03 sleep infinity
hermes       486  0.0  0.0   2976  1788 ?        Ss   Aug21   0:03 sleep infinity
--- pstree of self ---
--- /proc/loadavg ---
0.61 0.53 0.45 2/406 9011
--- recent dmesg (oom/killed) ---
=== end ===
=== shutdown diagnostic @ SIGTERM ===
--- date ---
2026-08-22T03:12:49Z
--- ps auxf (top 60 by cpu) ---
USER         PID %CPU %MEM    VSZ   RSS TTY      STAT START   TIME COMMAND
root           1  0.0  0.0    448   108 ?        Ss   Aug21   0:00 /package/admin/s6/command/s6-svscan -d4 -- /run/service
hermes      9048 15.9  5.5 2112364 448744 ?      Sl   03:04   1:24 /opt/hermes/.venv/bin/python3 /opt/hermes/.venv/bin/hermes -p qa gateway run --no-supervise --force
hermes     11880  0.0  0.0   2980  1916 ?        Ss   03:12   0:00  \_ timeout 5 bash -c echo '=== shutdown diagnostic @ SIGTERM ==='; echo '--- date ---'; date -u +%Y-%m-%dT%H:%M:%SZ; echo '--- ps auxf (top 60 by cpu) ---'; ps auxf --sort=-pcpu 2>/dev/null | head -60; echo '--- pstree of self ---'; pstree -plau 9048 2>/dev/null | head -40 || true; echo '--- /proc/loadavg ---'; cat /proc/loadavg 2>/dev/null || true; echo '--- recent dmesg (oom/killed) ---'; dmesg -T 2>/dev/null | tail -20 || journalctl --user -n 20 --no-pager 2>/dev/null | tail -20 || true; echo '=== end ==='
hermes     11888  0.0  0.0   4452  3352 ?        S    03:12   0:00      \_ bash -c echo '=== shutdown diagnostic @ SIGTERM ==='; echo '--- date ---'; date -u +%Y-%m-%dT%H:%M:%SZ; echo '--- ps auxf (top 60 by cpu) ---'; ps auxf --sort=-pcpu 2>/dev/null | head -60; echo '--- pstree of self ---'; pstree -plau 9048 2>/dev/null | head -40 || true; echo '--- /proc/loadavg ---'; cat /proc/loadavg 2>/dev/null || true; echo '--- recent dmesg (oom/killed) ---'; dmesg -T 2>/dev/null | tail -20 || journalctl --user -n 20 --no-pager 2>/dev/null | tail -20 || true; echo '=== end ==='
hermes     11897  0.0  0.0   6804  4116 ?        R    03:12   0:00          \_ ps auxf --sort=-pcpu
hermes      9034 14.1  5.0 2272724 412304 ?      Rl   03:04   1:14 /opt/hermes/.venv/bin/python3 /opt/hermes/.venv/bin/hermes -p coder gateway run --no-supervise --force
hermes      9026 13.8  4.8 2065252 391056 ?      Sl   03:04   1:13 /opt/hermes/.venv/bin/python3 /opt/hermes/.venv/bin/hermes -p pm gateway run --no-supervise --force
hermes     11879  0.0  0.0   2980  1896 ?        Ss   03:12   0:00  \_ timeout 5 bash -c echo '=== shutdown diagnostic @ SIGTERM ==='; echo '--- date ---'; date -u +%Y-%m-%dT%H:%M:%SZ; echo '--- ps auxf (top 60 by cpu) ---'; ps auxf --sort=-pcpu 2>/dev/null | head -60; echo '--- pstree of self ---'; pstree -plau 9026 2>/dev/null | head -40 || true; echo '--- /proc/loadavg ---'; cat /proc/loadavg 2>/dev/null || true; echo '--- recent dmesg (oom/killed) ---'; dmesg -T 2>/dev/null | tail -20 || journalctl --user -n 20 --no-pager 2>/dev/null | tail -20 || true; echo '=== end ==='
hermes     11887  0.0  0.0   4452  3320 ?        S    03:12   0:00      \_ bash -c echo '=== shutdown diagnostic @ SIGTERM ==='; echo '--- date ---'; date -u +%Y-%m-%dT%H:%M:%SZ; echo '--- ps auxf (top 60 by cpu) ---'; ps auxf --sort=-pcpu 2>/dev/null | head -60; echo '--- pstree of self ---'; pstree -plau 9026 2>/dev/null | head -40 || true; echo '--- /proc/loadavg ---'; cat /proc/loadavg 2>/dev/null || true; echo '--- recent dmesg (oom/killed) ---'; dmesg -T 2>/dev/null | tail -20 || journalctl --user -n 20 --no-pager 2>/dev/null | tail -20 || true; echo '=== end ==='
hermes     11895  0.0  0.0   6804  4056 ?        R    03:12   0:00          \_ ps auxf --sort=-pcpu
hermes      9060 10.0  5.0 1900020 410996 ?      Sl   03:04   0:53 /opt/hermes/.venv/bin/python3 /opt/hermes/.venv/bin/hermes -p banker gateway run --no-supervise --force
hermes     11878  0.0  0.0   2980  1928 ?        Ss   03:12   0:00  \_ timeout 5 bash -c echo '=== shutdown diagnostic @ SIGTERM ==='; echo '--- date ---'; date -u +%Y-%m-%dT%H:%M:%SZ; echo '--- ps auxf (top 60 by cpu) ---'; ps auxf --sort=-pcpu 2>/dev/null | head -60; echo '--- pstree of self ---'; pstree -plau 9060 2>/dev/null | head -40 || true; echo '--- /proc/loadavg ---'; cat /proc/loadavg 2>/dev/null || true; echo '--- recent dmesg (oom/killed) ---'; dmesg -T 2>/dev/null | tail -20 || journalctl --user -n 20 --no-pager 2>/dev/null | tail -20 || true; echo '=== end ==='
hermes     11886  0.0  0.0   4452  3404 ?        S    03:12   0:00      \_ bash -c echo '=== shutdown diagnostic @ SIGTERM ==='; echo '--- date ---'; date -u +%Y-%m-%dT%H:%M:%SZ; echo '--- ps auxf (top 60 by cpu) ---'; ps auxf --sort=-pcpu 2>/dev/null | head -60; echo '--- pstree of self ---'; pstree -plau 9060 2>/dev/null | head -40 || true; echo '--- /proc/loadavg ---'; cat /proc/loadavg 2>/dev/null || true; echo '--- recent dmesg (oom/killed) ---'; dmesg -T 2>/dev/null | tail -20 || journalctl --user -n 20 --no-pager 2>/dev/null | tail -20 || true; echo '=== end ==='
hermes     11896  0.0  0.0   6804  4064 ?        R    03:12   0:00          \_ ps auxf --sort=-pcpu
hermes       580  0.0  0.0   2976  1752 ?        Ss   Aug21   0:02 sleep infinity
hermes       493  0.0  0.0   2976  1772 ?        Ss   Aug21   0:03 sleep infinity
hermes       500  0.0  0.0   2976  1744 ?        Ss   Aug21   0:03 sleep infinity
hermes       486  0.0  0.0   2976  1788 ?        Ss   Aug21   0:03 sleep infinity
--- pstree of self ---
--- /proc/loadavg ---
1.36 0.69 0.56 9/420 11916
--- recent dmesg (oom/killed) ---
=== end ===
=== shutdown diagnostic @ SIGTERM ===
--- date ---
2026-08-22T03:46:07Z
--- ps auxf (top 60 by cpu) ---
USER         PID %CPU %MEM    VSZ   RSS TTY      STAT START   TIME COMMAND
root           1  0.0  0.0    448   108 ?        Ss   Aug21   0:00 /package/admin/s6/command/s6-svscan -d4 -- /run/service
hermes     13358  6.8  4.0 2028720 329524 ?      Sl   03:29   1:06 /opt/hermes/.venv/bin/python3 /opt/hermes/.venv/bin/hermes -p coder gateway run --no-supervise --force
hermes     15389  0.0  0.0   2980  1804 ?        Ss   03:46   0:00  \_ timeout 5 bash -c echo '=== shutdown diagnostic @ SIGTERM ==='; echo '--- date ---'; date -u +%Y-%m-%dT%H:%M:%SZ; echo '--- ps auxf (top 60 by cpu) ---'; ps auxf --sort=-pcpu 2>/dev/null | head -60; echo '--- pstree of self ---'; pstree -plau 13358 2>/dev/null | head -40 || true; echo '--- /proc/loadavg ---'; cat /proc/loadavg 2>/dev/null || true; echo '--- recent dmesg (oom/killed) ---'; dmesg -T 2>/dev/null | tail -20 || journalctl --user -n 20 --no-pager 2>/dev/null | tail -20 || true; echo '=== end ==='
hermes     15395  0.0  0.0   4452  3404 ?        S    03:46   0:00      \_ bash -c echo '=== shutdown diagnostic @ SIGTERM ==='; echo '--- date ---'; date -u +%Y-%m-%dT%H:%M:%SZ; echo '--- ps auxf (top 60 by cpu) ---'; ps auxf --sort=-pcpu 2>/dev/null | head -60; echo '--- pstree of self ---'; pstree -plau 13358 2>/dev/null | head -40 || true; echo '--- /proc/loadavg ---'; cat /proc/loadavg 2>/dev/null || true; echo '--- recent dmesg (oom/killed) ---'; dmesg -T 2>/dev/null | tail -20 || journalctl --user -n 20 --no-pager 2>/dev/null | tail -20 || true; echo '=== end ==='
hermes     15416  0.0  0.0   6804  4100 ?        R    03:46   0:00          \_ ps auxf --sort=-pcpu
hermes     15417  0.0  0.0   2984  1852 ?        S    03:46   0:00          \_ head -60
hermes     11967  4.3  4.8 1816644 391844 ?      Sl   03:12   1:26 /opt/hermes/.venv/bin/python3 /opt/hermes/.venv/bin/hermes -p qa gateway run --no-supervise --force
hermes     15390  0.0  0.0   2980  1752 ?        Ss   03:46   0:00  \_ timeout 5 bash -c echo '=== shutdown diagnostic @ SIGTERM ==='; echo '--- date ---'; date -u +%Y-%m-%dT%H:%M:%SZ; echo '--- ps auxf (top 60 by cpu) ---'; ps auxf --sort=-pcpu 2>/dev/null | head -60; echo '--- pstree of self ---'; pstree -plau 11967 2>/dev/null | head -40 || true; echo '--- /proc/loadavg ---'; cat /proc/loadavg 2>/dev/null || true; echo '--- recent dmesg (oom/killed) ---'; dmesg -T 2>/dev/null | tail -20 || journalctl --user -n 20 --no-pager 2>/dev/null | tail -20 || true; echo '=== end ==='
hermes     15400  0.0  0.0   4452  3300 ?        S    03:46   0:00      \_ bash -c echo '=== shutdown diagnostic @ SIGTERM ==='; echo '--- date ---'; date -u +%Y-%m-%dT%H:%M:%SZ; echo '--- ps auxf (top 60 by cpu) ---'; ps auxf --sort=-pcpu 2>/dev/null | head -60; echo '--- pstree of self ---'; pstree -plau 11967 2>/dev/null | head -40 || true; echo '--- /proc/loadavg ---'; cat /proc/loadavg 2>/dev/null || true; echo '--- recent dmesg (oom/killed) ---'; dmesg -T 2>/dev/null | tail -20 || journalctl --user -n 20 --no-pager 2>/dev/null | tail -20 || true; echo '=== end ==='
hermes     15408  100  0.0      0     0 ?        R    03:46   0:00          \_ [ps]
hermes     11947  2.6  4.2 2043756 343880 ?      Sl   03:12   0:53 /opt/hermes/.venv/bin/python3 /opt/hermes/.venv/bin/hermes -p pm gateway run --no-supervise --force
hermes     15391  0.0  0.0   2980  1928 ?        Ss   03:46   0:00  \_ timeout 5 bash -c echo '=== shutdown diagnostic @ SIGTERM ==='; echo '--- date ---'; date -u +%Y-%m-%dT%H:%M:%SZ; echo '--- ps auxf (top 60 by cpu) ---'; ps auxf --sort=-pcpu 2>/dev/null | head -60; echo '--- pstree of self ---'; pstree -plau 11947 2>/dev/null | head -40 || true; echo '--- /proc/loadavg ---'; cat /proc/loadavg 2>/dev/null || true; echo '--- recent dmesg (oom/killed) ---'; dmesg -T 2>/dev/null | tail -20 || journalctl --user -n 20 --no-pager 2>/dev/null | tail -20 || true; echo '=== end ==='
hermes     15398  0.0  0.0   4452  3424 ?        S    03:46   0:00      \_ bash -c echo '=== shutdown diagnostic @ SIGTERM ==='; echo '--- date ---'; date -u +%Y-%m-%dT%H:%M:%SZ; echo '--- ps auxf (top 60 by cpu) ---'; ps auxf --sort=-pcpu 2>/dev/null | head -60; echo '--- pstree of self ---'; pstree -plau 11947 2>/dev/null | head -40 || true; echo '--- /proc/loadavg ---'; cat /proc/loadavg 2>/dev/null || true; echo '--- recent dmesg (oom/killed) ---'; dmesg -T 2>/dev/null | tail -20 || journalctl --user -n 20 --no-pager 2>/dev/null | tail -20 || true; echo '=== end ==='
hermes     15412  0.0  0.0   6804  4112 ?        R    03:46   0:00          \_ ps auxf --sort=-pcpu
hermes     11975  2.6  4.6 1953540 374984 ?      Sl   03:12   0:53 /opt/hermes/.venv/bin/python3 /opt/hermes/.venv/bin/hermes -p banker gateway run --no-supervise --force
hermes     15392  0.0  0.0   2980  1796 ?        Ss   03:46   0:00  \_ timeout 5 bash -c echo '=== shutdown diagnostic @ SIGTERM ==='; echo '--- date ---'; date -u +%Y-%m-%dT%H:%M:%SZ; echo '--- ps auxf (top 60 by cpu) ---'; ps auxf --sort=-pcpu 2>/dev/null | head -60; echo '--- pstree of self ---'; pstree -plau 11975 2>/dev/null | head -40 || true; echo '--- /proc/loadavg ---'; cat /proc/loadavg 2>/dev/null || true; echo '--- recent dmesg (oom/killed) ---'; dmesg -T 2>/dev/null | tail -20 || journalctl --user -n 20 --no-pager 2>/dev/null | tail -20 || true; echo '=== end ==='
hermes     15402  0.0  0.0   4452  3412 ?        S    03:46   0:00      \_ bash -c echo '=== shutdown diagnostic @ SIGTERM ==='; echo '--- date ---'; date -u +%Y-%m-%dT%H:%M:%SZ; echo '--- ps auxf (top 60 by cpu) ---'; ps auxf --sort=-pcpu 2>/dev/null | head -60; echo '--- pstree of self ---'; pstree -plau 11975 2>/dev/null | head -40 || true; echo '--- /proc/loadavg ---'; cat /proc/loadavg 2>/dev/null || true; echo '--- recent dmesg (oom/killed) ---'; dmesg -T 2>/dev/null | tail -20 || journalctl --user -n 20 --no-pager 2>/dev/null | tail -20 || true; echo '=== end ==='
hermes     15413  0.0  0.0   6804  4012 ?        R    03:46   0:00          \_ ps auxf --sort=-pcpu
hermes       580  0.0  0.0   2976  1752 ?        Ss   Aug21   0:02 sleep infinity
hermes       493  0.0  0.0   2976  1772 ?        Ss   Aug21   0:03 sleep infinity
hermes       500  0.0  0.0   2976  1744 ?        Ss   Aug21   0:03 sleep infinity
hermes       486  0.0  0.0   2976  1788 ?        Ss   Aug21   0:03 sleep infinity
--- pstree of self ---
--- /proc/loadavg ---
0.22 0.23 0.22 7/418 15434
--- recent dmesg (oom/killed) ---
=== end ===
=== shutdown diagnostic @ SIGTERM ===
--- date ---
2026-08-22T05:46:12Z
--- ps auxf (top 60 by cpu) ---
USER         PID %CPU %MEM    VSZ   RSS TTY      STAT START   TIME COMMAND
root           1  0.4  0.0    452   112 ?        Ss   05:45   0:00 /package/admin/s6/command/s6-svscan -d4 -- /run/service
root          20  0.0  0.0    232    84 ?        S    05:45   0:00 s6-supervise s6-linux-init-shutdownd
root          21  0.0  0.0    224    76 ?        Ss   05:45   0:00  \_ /package/admin/s6-linux-init/command/s6-linux-init-shutdownd -d3 -c /run/s6/basedir -g 3000 -C -B
--- pstree of self ---
=== shutdown diagnostic @ SIGTERM ===
--- date ---
2026-08-22T05:46:12Z
--- /proc/loadavg ---
--- ps auxf (top 60 by cpu) ---
4.32 1.58 0.74 14/639 569
--- recent dmesg (oom/killed) ---
USER         PID %CPU %MEM    VSZ   RSS TTY      STAT START   TIME COMMAND
root           1  0.4  0.0    452   112 ?        Ss   05:45   0:00 /package/admin/s6/command/s6-svscan -d4 -- /run/service
root          20  0.0  0.0    232    84 ?        S    05:45   0:00 s6-supervise s6-linux-init-shutdownd
root          21  0.0  0.0    224    76 ?        Ss   05:45   0:00  \_ /package/admin/s6-linux-init/command/s6-linux-init-shutdownd -d3 -c /run/s6/basedir -g 3000 -C -B
=== end ===
--- pstree of self ---
--- /proc/loadavg ---
4.32 1.58 0.74 10/628 580
--- recent dmesg (oom/killed) ---
=== end ===
=== shutdown diagnostic @ SIGTERM ===
--- date ---
2026-08-22T05:46:12Z
--- ps auxf (top 60 by cpu) ---
USER         PID %CPU %MEM    VSZ   RSS TTY      STAT START   TIME COMMAND
root           1  0.4  0.0    452   112 ?        Ss   05:45   0:00 /package/admin/s6/command/s6-svscan -d4 -- /run/service
root          20  0.0  0.0    232    84 ?        S    05:45   0:00 s6-supervise s6-linux-init-shutdownd
root          21  0.0  0.0    224    76 ?        Ss   05:45   0:00  \_ /package/admin/s6-linux-init/command/s6-linux-init-shutdownd -d3 -c /run/s6/basedir -g 3000 -C -B
--- pstree of self ---
--- /proc/loadavg ---
4.32 1.58 0.74 8/625 591
--- recent dmesg (oom/killed) ---
=== end ===
=== shutdown diagnostic @ SIGTERM ===
--- date ---
2026-08-22T05:48:50Z
--- ps auxf (top 60 by cpu) ---
=== shutdown diagnostic @ SIGTERM ===
--- date ---
USER         PID %CPU %MEM    VSZ   RSS TTY      STAT START   TIME COMMAND
root           1  0.1  0.0    452   112 ?        Ss   05:48   0:00 /package/admin/s6/command/s6-svscan -d4 -- /run/service
root          18  0.0  0.0    232    76 ?        S    05:48   0:00 s6-supervise s6-linux-init-shutdownd
root          19  0.0  0.0    224    76 ?        Ss   05:48   0:00  \_ /package/admin/s6-linux-init/command/s6-linux-init-shutdownd -d3 -c /run/s6/basedir -g 3000 -C -B
--- pstree of self ---
2026-08-22T05:48:50Z
--- ps auxf (top 60 by cpu) ---
--- /proc/loadavg ---
=== shutdown diagnostic @ SIGTERM ===
--- date ---
2.42 1.65 0.88 14/635 562
--- recent dmesg (oom/killed) ---
USER         PID %CPU %MEM    VSZ   RSS TTY      STAT START   TIME COMMAND
root           1  0.1  0.0    452   112 ?        Ss   05:48   0:00 /package/admin/s6/command/s6-svscan -d4 -- /run/service
root          18  0.0  0.0    232    76 ?        S    05:48   0:00 s6-supervise s6-linux-init-shutdownd
root          19  0.0  0.0    224    76 ?        Ss   05:48   0:00  \_ /package/admin/s6-linux-init/command/s6-linux-init-shutdownd -d3 -c /run/s6/basedir -g 3000 -C -B
2026-08-22T05:48:50Z
--- ps auxf (top 60 by cpu) ---
--- pstree of self ---
=== end ===
--- /proc/loadavg ---
2.42 1.65 0.88 17/632 584
--- recent dmesg (oom/killed) ---
USER         PID %CPU %MEM    VSZ   RSS TTY      STAT START   TIME COMMAND
root           1  0.1  0.0    452   112 ?        Ss   05:48   0:00 /package/admin/s6/command/s6-svscan -d4 -- /run/service
root          18  0.0  0.0    232    76 ?        S    05:48   0:00 s6-supervise s6-linux-init-shutdownd
root          19  0.0  0.0    224    76 ?        Ss   05:48   0:00  \_ /package/admin/s6-linux-init/command/s6-linux-init-shutdownd -d3 -c /run/s6/basedir -g 3000 -C -B
--- pstree of self ---
=== end ===
--- /proc/loadavg ---
2.42 1.65 0.88 11/624 596
--- recent dmesg (oom/killed) ---
=== end ===
=== shutdown diagnostic @ SIGTERM ===
--- date ---
2026-08-22T06:20:53Z
--- ps auxf (top 60 by cpu) ---
USER         PID %CPU %MEM    VSZ   RSS TTY      STAT START   TIME COMMAND
root           1  0.0  0.0    448   108 ?        Ss   Aug21   0:00 /package/admin/s6/command/s6-svscan -d4 -- /run/service
hermes     17784  3.7  3.9 1587732 319444 ?      Sl   05:37   1:37 /opt/hermes/.venv/bin/python3 /opt/hermes/.venv/bin/hermes -p pm gateway run --no-supervise --force
hermes     20268  0.0  0.0   2980  1816 ?        Ss   06:20   0:00  \_ timeout 5 bash -c echo '=== shutdown diagnostic @ SIGTERM ==='; echo '--- date ---'; date -u +%Y-%m-%dT%H:%M:%SZ; echo '--- ps auxf (top 60 by cpu) ---'; ps auxf --sort=-pcpu 2>/dev/null | head -60; echo '--- pstree of self ---'; pstree -plau 17784 2>/dev/null | head -40 || true; echo '--- /proc/loadavg ---'; cat /proc/loadavg 2>/dev/null || true; echo '--- recent dmesg (oom/killed) ---'; dmesg -T 2>/dev/null | tail -20 || journalctl --user -n 20 --no-pager 2>/dev/null | tail -20 || true; echo '=== end ==='
hermes     20279 20.0  0.0   4452  3280 ?        S    06:20   0:00      \_ bash -c echo '=== shutdown diagnostic @ SIGTERM ==='; echo '--- date ---'; date -u +%Y-%m-%dT%H:%M:%SZ; echo '--- ps auxf (top 60 by cpu) ---'; ps auxf --sort=-pcpu 2>/dev/null | head -60; echo '--- pstree of self ---'; pstree -plau 17784 2>/dev/null | head -40 || true; echo '--- /proc/loadavg ---'; cat /proc/loadavg 2>/dev/null || true; echo '--- recent dmesg (oom/killed) ---'; dmesg -T 2>/dev/null | tail -20 || journalctl --user -n 20 --no-pager 2>/dev/null | tail -20 || true; echo '=== end ==='
hermes     20286 50.0  0.0   6804  4012 ?        R    06:20   0:00          \_ ps auxf --sort=-pcpu
hermes     17809  2.8  3.9 1853188 317212 ?      Sl   05:37   1:13 /opt/hermes/.venv/bin/python3 /opt/hermes/.venv/bin/hermes -p banker gateway run --no-supervise --force
hermes     20269  0.0  0.0   2980  1868 ?        Ss   06:20   0:00  \_ timeout 5 bash -c echo '=== shutdown diagnostic @ SIGTERM ==='; echo '--- date ---'; date -u +%Y-%m-%dT%H:%M:%SZ; echo '--- ps auxf (top 60 by cpu) ---'; ps auxf --sort=-pcpu 2>/dev/null | head -60; echo '--- pstree of self ---'; pstree -plau 17809 2>/dev/null | head -40 || true; echo '--- /proc/loadavg ---'; cat /proc/loadavg 2>/dev/null || true; echo '--- recent dmesg (oom/killed) ---'; dmesg -T 2>/dev/null | tail -20 || journalctl --user -n 20 --no-pager 2>/dev/null | tail -20 || true; echo '=== end ==='
hermes     20274 16.6  0.0   4452  3412 ?        S    06:20   0:00      \_ bash -c echo '=== shutdown diagnostic @ SIGTERM ==='; echo '--- date ---'; date -u +%Y-%m-%dT%H:%M:%SZ; echo '--- ps auxf (top 60 by cpu) ---'; ps auxf --sort=-pcpu 2>/dev/null | head -60; echo '--- pstree of self ---'; pstree -plau 17809 2>/dev/null | head -40 || true; echo '--- /proc/loadavg ---'; cat /proc/loadavg 2>/dev/null || true; echo '--- recent dmesg (oom/killed) ---'; dmesg -T 2>/dev/null | tail -20 || journalctl --user -n 20 --no-pager 2>/dev/null | tail -20 || true; echo '=== end ==='
hermes     20289 50.0  0.0   6804  3920 ?        R    06:20   0:00          \_ ps auxf --sort=-pcpu
hermes     17792  2.3  3.6 1795312 298508 ?      Sl   05:37   1:00 /opt/hermes/.venv/bin/python3 /opt/hermes/.venv/bin/hermes -p coder gateway run --no-supervise --force
hermes     20265  0.0  0.0   2980  1868 ?        Ss   06:20   0:00  \_ timeout 5 bash -c echo '=== shutdown diagnostic @ SIGTERM ==='; echo '--- date ---'; date -u +%Y-%m-%dT%H:%M:%SZ; echo '--- ps auxf (top 60 by cpu) ---'; ps auxf --sort=-pcpu 2>/dev/null | head -60; echo '--- pstree of self ---'; pstree -plau 17792 2>/dev/null | head -40 || true; echo '--- /proc/loadavg ---'; cat /proc/loadavg 2>/dev/null || true; echo '--- recent dmesg (oom/killed) ---'; dmesg -T 2>/dev/null | tail -20 || journalctl --user -n 20 --no-pager 2>/dev/null | tail -20 || true; echo '=== end ==='
hermes     20280  0.0  0.0   4452  3220 ?        S    06:20   0:00      \_ bash -c echo '=== shutdown diagnostic @ SIGTERM ==='; echo '--- date ---'; date -u +%Y-%m-%dT%H:%M:%SZ; echo '--- ps auxf (top 60 by cpu) ---'; ps auxf --sort=-pcpu 2>/dev/null | head -60; echo '--- pstree of self ---'; pstree -plau 17792 2>/dev/null | head -40 || true; echo '--- /proc/loadavg ---'; cat /proc/loadavg 2>/dev/null || true; echo '--- recent dmesg (oom/killed) ---'; dmesg -T 2>/dev/null | tail -20 || journalctl --user -n 20 --no-pager 2>/dev/null | tail -20 || true; echo '=== end ==='
hermes     20294 50.0  0.0   6804  4052 ?        R    06:20   0:00          \_ ps auxf --sort=-pcpu
hermes     17801  0.8  2.0 1081972 162644 ?      Rl   05:37   0:21 /opt/hermes/.venv/bin/python3 /opt/hermes/.venv/bin/hermes -p qa gateway run --no-supervise --force
hermes     20264  0.0  0.0   2980  1924 ?        Ss   06:20   0:00  \_ timeout 5 bash -c echo '=== shutdown diagnostic @ SIGTERM ==='; echo '--- date ---'; date -u +%Y-%m-%dT%H:%M:%SZ; echo '--- ps auxf (top 60 by cpu) ---'; ps auxf --sort=-pcpu 2>/dev/null | head -60; echo '--- pstree of self ---'; pstree -plau 17801 2>/dev/null | head -40 || true; echo '--- /proc/loadavg ---'; cat /proc/loadavg 2>/dev/null || true; echo '--- recent dmesg (oom/killed) ---'; dmesg -T 2>/dev/null | tail -20 || journalctl --user -n 20 --no-pager 2>/dev/null | tail -20 || true; echo '=== end ==='
hermes     20272 16.6  0.0   4452  3376 ?        S    06:20   0:00      \_ bash -c echo '=== shutdown diagnostic @ SIGTERM ==='; echo '--- date ---'; date -u +%Y-%m-%dT%H:%M:%SZ; echo '--- ps auxf (top 60 by cpu) ---'; ps auxf --sort=-pcpu 2>/dev/null | head -60; echo '--- pstree of self ---'; pstree -plau 17801 2>/dev/null | head -40 || true; echo '--- /proc/loadavg ---'; cat /proc/loadavg 2>/dev/null || true; echo '--- recent dmesg (oom/killed) ---'; dmesg -T 2>/dev/null | tail -20 || journalctl --user -n 20 --no-pager 2>/dev/null | tail -20 || true; echo '=== end ==='
hermes     20291 50.0  0.0   6804  4088 ?        R    06:20   0:00          \_ ps auxf --sort=-pcpu
--- pstree of self ---
--- /proc/loadavg ---
2.59 1.49 0.70 11/364 20316
--- recent dmesg (oom/killed) ---
=== end ===
=== shutdown diagnostic @ SIGTERM ===
--- date ---
2026-08-22T06:25:24Z
--- ps auxf (top 60 by cpu) ---
USER         PID %CPU %MEM    VSZ   RSS TTY      STAT START   TIME COMMAND
root           1  0.0  0.0    456   112 ?        Ss   06:20   0:00 /package/admin/s6/command/s6-svscan -d4 -- /run/service
root          18  0.0  0.0    232    80 ?        S    06:20   0:00 s6-supervise s6-linux-init-shutdownd
root          19  0.0  0.0    224    72 ?        Ss   06:20   0:00  \_ /package/admin/s6-linux-init/command/s6-linux-init-shutdownd -d3 -c /run/s6/basedir -g 3000 -C -B
--- pstree of self ---
--- /proc/loadavg ---
0.40 0.93 0.68 13/363 790
--- recent dmesg (oom/killed) ---
=== end ===
=== shutdown diagnostic @ SIGTERM ===
--- date ---
2026-08-22T06:25:24Z
--- ps auxf (top 60 by cpu) ---
=== shutdown diagnostic @ SIGTERM ===
--- date ---
USER         PID %CPU %MEM    VSZ   RSS TTY      STAT START   TIME COMMAND
root           1  0.0  0.0    456   112 ?        Ss   06:20   0:00 /package/admin/s6/command/s6-svscan -d4 -- /run/service
root          18  0.0  0.0    232    80 ?        S    06:20   0:00 s6-supervise s6-linux-init-shutdownd
root          19  0.0  0.0    224    72 ?        Ss   06:20   0:00  \_ /package/admin/s6-linux-init/command/s6-linux-init-shutdownd -d3 -c /run/s6/basedir -g 3000 -C -B
2026-08-22T06:25:24Z
--- pstree of self ---
--- ps auxf (top 60 by cpu) ---
--- /proc/loadavg ---
0.40 0.93 0.68 8/364 862
--- recent dmesg (oom/killed) ---
USER         PID %CPU %MEM    VSZ   RSS TTY      STAT START   TIME COMMAND
root           1  0.0  0.0    456   112 ?        Ss   06:20   0:00 /package/admin/s6/command/s6-svscan -d4 -- /run/service
root          18  0.0  0.0    232    80 ?        S    06:20   0:00 s6-supervise s6-linux-init-shutdownd
root          19  0.0  0.0    224    72 ?        Ss   06:20   0:00  \_ /package/admin/s6-linux-init/command/s6-linux-init-shutdownd -d3 -c /run/s6/basedir -g 3000 -C -B
--- pstree of self ---
=== end ===
--- /proc/loadavg ---
0.40 0.93 0.68 6/358 873
--- recent dmesg (oom/killed) ---
=== end ===
=== shutdown diagnostic @ SIGTERM ===
--- date ---
2026-08-22T06:33:36Z
--- ps auxf (top 60 by cpu) ---
USER         PID %CPU %MEM    VSZ   RSS TTY      STAT START   TIME COMMAND
root           1  0.0  0.0    448   112 ?        Ss   06:25   0:00 /package/admin/s6/command/s6-svscan -d4 -- /run/service
hermes       401  3.3  2.3 1444084 194012 ?      Rl   06:26   0:13 /opt/hermes/.venv/bin/python3 -m tui_gateway.entry
--- pstree of self ---
=== shutdown diagnostic @ SIGTERM ===
--- date ---
--- /proc/loadavg ---
2026-08-22T06:33:36Z
--- ps auxf (top 60 by cpu) ---
0.08 0.41 0.57 20/366 670
--- recent dmesg (oom/killed) ---
=== shutdown diagnostic @ SIGTERM ===
--- date ---
2026-08-22T06:33:36Z
--- ps auxf (top 60 by cpu) ---
=== end ===
USER         PID %CPU %MEM    VSZ   RSS TTY      STAT START   TIME COMMAND
root           1  0.0  0.0    448   112 ?        Ss   06:25   0:00 /package/admin/s6/command/s6-svscan -d4 -- /run/service
hermes       401  3.3  2.3 1444084 194012 ?      Rl   06:26   0:14 /opt/hermes/.venv/bin/python3 -m tui_gateway.entry
--- pstree of self ---
--- /proc/loadavg ---
0.08 0.41 0.57 17/361 704
USER         PID %CPU %MEM    VSZ   RSS TTY      STAT START   TIME COMMAND
root           1  0.0  0.0    448   112 ?        Ss   06:25   0:00 /package/admin/s6/command/s6-svscan -d4 -- /run/service
hermes       401  3.3  2.3 1444084 194012 ?      Rl   06:26   0:14 /opt/hermes/.venv/bin/python3 -m tui_gateway.entry
--- recent dmesg (oom/killed) ---
--- pstree of self ---
=== end ===
--- /proc/loadavg ---
0.08 0.41 0.57 13/349 714
--- recent dmesg (oom/killed) ---
=== end ===
=== shutdown diagnostic @ SIGTERM ===
--- date ---
2026-08-22T06:45:20Z
--- ps auxf (top 60 by cpu) ---
USER         PID %CPU %MEM    VSZ   RSS TTY      STAT START   TIME COMMAND
root           1  0.0  0.0    452   108 ?        Ss   06:33   0:00 /package/admin/s6/command/s6-svscan -d4 -- /run/service
root         237  0.0  0.0    232    80 ?        S    06:34   0:00 s6-supervise gateway-banker
hermes       258  2.8  1.9 1008320 159904 ?      Dsl  06:34   0:18  \_ /opt/hermes/.venv/bin/python3 /opt/hermes/.venv/bin/hermes -p banker gateway run --replace
hermes       421  0.0  0.0   2980  1892 ?        Ss   06:45   0:00      \_ timeout 5 bash -c echo '=== shutdown diagnostic @ SIGTERM ==='; echo '--- date ---'; date -u +%Y-%m-%dT%H:%M:%SZ; echo '--- ps auxf (top 60 by cpu) ---'; ps auxf --sort=-pcpu 2>/dev/null | head -60; echo '--- pstree of self ---'; pstree -plau 258 2>/dev/null | head -40 || true; echo '--- /proc/loadavg ---'; cat /proc/loadavg 2>/dev/null || true; echo '--- recent dmesg (oom/killed) ---'; dmesg -T 2>/dev/null | tail -20 || journalctl --user -n 20 --no-pager 2>/dev/null | tail -20 || true; echo '=== end ==='
hermes       432 25.0  0.0   4452  3396 ?        S    06:45   0:00          \_ bash -c echo '=== shutdown diagnostic @ SIGTERM ==='; echo '--- date ---'; date -u +%Y-%m-%dT%H:%M:%SZ; echo '--- ps auxf (top 60 by cpu) ---'; ps auxf --sort=-pcpu 2>/dev/null | head -60; echo '--- pstree of self ---'; pstree -plau 258 2>/dev/null | head -40 || true; echo '--- /proc/loadavg ---'; cat /proc/loadavg 2>/dev/null || true; echo '--- recent dmesg (oom/killed) ---'; dmesg -T 2>/dev/null | tail -20 || journalctl --user -n 20 --no-pager 2>/dev/null | tail -20 || true; echo '=== end ==='
hermes       447  100  0.0   6804  4088 ?        R    06:45   0:00              \_ ps auxf --sort=-pcpu
root         235  0.0  0.0    232    80 ?        S    06:34   0:00 s6-supervise gateway-pm
hermes       239  2.8  1.9 1008132 159540 ?      Dsl  06:34   0:19  \_ /opt/hermes/.venv/bin/python3 /opt/hermes/.venv/bin/hermes -p pm gateway run --replace
hermes       420  0.0  0.0   2980  1736 ?        Ss   06:45   0:00      \_ timeout 5 bash -c echo '=== shutdown diagnostic @ SIGTERM ==='; echo '--- date ---'; date -u +%Y-%m-%dT%H:%M:%SZ; echo '--- ps auxf (top 60 by cpu) ---'; ps auxf --sort=-pcpu 2>/dev/null | head -60; echo '--- pstree of self ---'; pstree -plau 239 2>/dev/null | head -40 || true; echo '--- /proc/loadavg ---'; cat /proc/loadavg 2>/dev/null || true; echo '--- recent dmesg (oom/killed) ---'; dmesg -T 2>/dev/null | tail -20 || journalctl --user -n 20 --no-pager 2>/dev/null | tail -20 || true; echo '=== end ==='
hermes       434 25.0  0.0   4452  3372 ?        S    06:45   0:00          \_ bash -c echo '=== shutdown diagnostic @ SIGTERM ==='; echo '--- date ---'; date -u +%Y-%m-%dT%H:%M:%SZ; echo '--- ps auxf (top 60 by cpu) ---'; ps auxf --sort=-pcpu 2>/dev/null | head -60; echo '--- pstree of self ---'; pstree -plau 239 2>/dev/null | head -40 || true; echo '--- /proc/loadavg ---'; cat /proc/loadavg 2>/dev/null || true; echo '--- recent dmesg (oom/killed) ---'; dmesg -T 2>/dev/null | tail -20 || journalctl --user -n 20 --no-pager 2>/dev/null | tail -20 || true; echo '=== end ==='
hermes       446  100  0.0   6804  4040 ?        R    06:45   0:00              \_ ps auxf --sort=-pcpu
root         245  0.0  0.0    232    76 ?        S    06:34   0:00 s6-supervise gateway-qa
hermes       254  2.8  2.3 1008288 187224 ?      Ssl  06:34   0:19  \_ /opt/hermes/.venv/bin/python3 /opt/hermes/.venv/bin/hermes -p qa gateway run --replace
hermes       427  0.0  0.0   2980  1748 ?        Ss   06:45   0:00      \_ timeout 5 bash -c echo '=== shutdown diagnostic @ SIGTERM ==='; echo '--- date ---'; date -u +%Y-%m-%dT%H:%M:%SZ; echo '--- ps auxf (top 60 by cpu) ---'; ps auxf --sort=-pcpu 2>/dev/null | head -60; echo '--- pstree of self ---'; pstree -plau 254 2>/dev/null | head -40 || true; echo '--- /proc/loadavg ---'; cat /proc/loadavg 2>/dev/null || true; echo '--- recent dmesg (oom/killed) ---'; dmesg -T 2>/dev/null | tail -20 || journalctl --user -n 20 --no-pager 2>/dev/null | tail -20 || true; echo '=== end ==='
hermes       438  0.0  0.0   4452  3384 ?        S    06:45   0:00          \_ bash -c echo '=== shutdown diagnostic @ SIGTERM ==='; echo '--- date ---'; date -u +%Y-%m-%dT%H:%M:%SZ; echo '--- ps auxf (top 60 by cpu) ---'; ps auxf --sort=-pcpu 2>/dev/null | head -60; echo '--- pstree of self ---'; pstree -plau 254 2>/dev/null | head -40 || true; echo '--- /proc/loadavg ---'; cat /proc/loadavg 2>/dev/null || true; echo '--- recent dmesg (oom/killed) ---'; dmesg -T 2>/dev/null | tail -20 || journalctl --user -n 20 --no-pager 2>/dev/null | tail -20 || true; echo '=== end ==='
hermes       450  100  0.0   6804  4096 ?        R    06:45   0:00              \_ ps auxf --sort=-pcpu
root          18  0.0  0.0    232    80 ?        S    06:33   0:00 s6-supervise s6-linux-init-shutdownd
root          19  0.0  0.0    224    72 ?        Ss   06:33   0:00  \_ /package/admin/s6-linux-init/command/s6-linux-init-shutdownd -d3 -c /run/s6/basedir -g 3000 -C -B
=== shutdown diagnostic @ SIGTERM ===
--- date ---
--- pstree of self ---
2026-08-22T06:45:20Z
--- ps auxf (top 60 by cpu) ---
--- /proc/loadavg ---
=== shutdown diagnostic @ SIGTERM ===
--- date ---
0.01 0.11 0.35 22/360 490
--- recent dmesg (oom/killed) ---
2026-08-22T06:45:20Z
--- ps auxf (top 60 by cpu) ---
=== end ===
=== shutdown diagnostic @ SIGTERM ===
--- date ---
USER         PID %CPU %MEM    VSZ   RSS TTY      STAT START   TIME COMMAND
root           1  0.0  0.0    452   108 ?        Ss   06:33   0:00 /package/admin/s6/command/s6-svscan -d4 -- /run/service
root         237  0.0  0.0    232    80 ?        S    06:34   0:00 s6-supervise gateway-banker
hermes       258  2.8  2.0 1008304 164908 ?      Rsl  06:34   0:19  \_ /opt/hermes/.venv/bin/python3 /opt/hermes/.venv/bin/hermes -p banker gateway run --replace
hermes       421  0.0  0.0      0     0 ?        Zs   06:45   0:00      \_ [timeout] <defunct>
root         235  0.0  0.0    232    80 ?        S    06:34   0:00 s6-supervise gateway-pm
hermes       239  2.8  1.9 1008116 159536 ?      Rsl  06:34   0:19  \_ /opt/hermes/.venv/bin/python3 /opt/hermes/.venv/bin/hermes -p pm gateway run --replace
hermes       420  0.0  0.0   2980  1736 ?        Ss   06:45   0:00      \_ timeout 5 bash -c echo '=== shutdown diagnostic @ SIGTERM ==='; echo '--- date ---'; date -u +%Y-%m-%dT%H:%M:%SZ; echo '--- ps auxf (top 60 by cpu) ---'; ps auxf --sort=-pcpu 2>/dev/null | head -60; echo '--- pstree of self ---'; pstree -plau 239 2>/dev/null | head -40 || true; echo '--- /proc/loadavg ---'; cat /proc/loadavg 2>/dev/null || true; echo '--- recent dmesg (oom/killed) ---'; dmesg -T 2>/dev/null | tail -20 || journalctl --user -n 20 --no-pager 2>/dev/null | tail -20 || true; echo '=== end ==='
hermes       434 11.1  0.0   4452  3372 ?        S    06:45   0:00          \_ bash -c echo '=== shutdown diagnostic @ SIGTERM ==='; echo '--- date ---'; date -u +%Y-%m-%dT%H:%M:%SZ; echo '--- ps auxf (top 60 by cpu) ---'; ps auxf --sort=-pcpu 2>/dev/null | head -60; echo '--- pstree of self ---'; pstree -plau 239 2>/dev/null | head -40 || true; echo '--- /proc/loadavg ---'; cat /proc/loadavg 2>/dev/null || true; echo '--- recent dmesg (oom/killed) ---'; dmesg -T 2>/dev/null | tail -20 || journalctl --user -n 20 --no-pager 2>/dev/null | tail -20 || true; echo '=== end ==='
root         245  0.0  0.0    232    76 ?        S    06:34   0:00 s6-supervise gateway-qa
hermes       254  2.8  2.3 1008272 187220 ?      Rsl  06:34   0:19  \_ /opt/hermes/.venv/bin/python3 /opt/hermes/.venv/bin/hermes -p qa gateway run --replace
hermes       427  0.0  0.0   2980  1748 ?        Ss   06:45   0:00      \_ timeout 5 bash -c echo '=== shutdown diagnostic @ SIGTERM ==='; echo '--- date ---'; date -u +%Y-%m-%dT%H:%M:%SZ; echo '--- ps auxf (top 60 by cpu) ---'; ps auxf --sort=-pcpu 2>/dev/null | head -60; echo '--- pstree of self ---'; pstree -plau 254 2>/dev/null | head -40 || true; echo '--- /proc/loadavg ---'; cat /proc/loadavg 2>/dev/null || true; echo '--- recent dmesg (oom/killed) ---'; dmesg -T 2>/dev/null | tail -20 || journalctl --user -n 20 --no-pager 2>/dev/null | tail -20 || true; echo '=== end ==='
hermes       438  0.0  0.0   4452  3384 ?        R    06:45   0:00          \_ bash -c echo '=== shutdown diagnostic @ SIGTERM ==='; echo '--- date ---'; date -u +%Y-%m-%dT%H:%M:%SZ; echo '--- ps auxf (top 60 by cpu) ---'; ps auxf --sort=-pcpu 2>/dev/null | head -60; echo '--- pstree of self ---'; pstree -plau 254 2>/dev/null | head -40 || true; echo '--- /proc/loadavg ---'; cat /proc/loadavg 2>/dev/null || true; echo '--- recent dmesg (oom/killed) ---'; dmesg -T 2>/dev/null | tail -20 || journalctl --user -n 20 --no-pager 2>/dev/null | tail -20 || true; echo '=== end ==='
root          18  0.0  0.0    232    80 ?        S    06:33   0:00 s6-supervise s6-linux-init-shutdownd
root          19  0.0  0.0    224    72 ?        Ss   06:33   0:00  \_ /package/admin/s6-linux-init/command/s6-linux-init-shutdownd -d3 -c /run/s6/basedir -g 3000 -C -B
2026-08-22T06:45:20Z
--- ps auxf (top 60 by cpu) ---
--- pstree of self ---
USER         PID %CPU %MEM    VSZ   RSS TTY      STAT START   TIME COMMAND
root           1  0.0  0.0    452   108 ?        Ss   06:33   0:00 /package/admin/s6/command/s6-svscan -d4 -- /run/service
root         237  0.0  0.0    232    80 ?        S    06:34   0:00 s6-supervise gateway-banker
hermes       258  2.8  2.0 1008304 165468 ?      Rsl  06:34   0:19  \_ /opt/hermes/.venv/bin/python3 /opt/hermes/.venv/bin/hermes -p banker gateway run --replace
hermes       421  0.0  0.0      0     0 ?        Zs   06:45   0:00      \_ [timeout] <defunct>
root         235  0.0  0.0    232    80 ?        S    06:34   0:00 s6-supervise gateway-pm
hermes       239  2.8  1.9 1008116 160452 ?      Rsl  06:34   0:19  \_ /opt/hermes/.venv/bin/python3 /opt/hermes/.venv/bin/hermes -p pm gateway run --replace
hermes       420  0.0  0.0      0     0 ?        Zs   06:45   0:00      \_ [timeout] <defunct>
root         245  0.0  0.0    232    76 ?        S    06:34   0:00 s6-supervise gateway-qa
hermes       254  2.8  2.3 1008272 187356 ?      Rsl  06:34   0:19  \_ /opt/hermes/.venv/bin/python3 /opt/hermes/.venv/bin/hermes -p qa gateway run --replace
hermes       427  0.0  0.0      0     0 ?        Zs   06:45   0:00      \_ [timeout] <defunct>
root          18  0.0  0.0    232    80 ?        S    06:33   0:00 s6-supervise s6-linux-init-shutdownd
root          19  0.0  0.0    224    72 ?        Ss   06:33   0:00  \_ /package/admin/s6-linux-init/command/s6-linux-init-shutdownd -d3 -c /run/s6/basedir -g 3000 -C -B
--- /proc/loadavg ---
--- pstree of self ---
0.01 0.11 0.35 15/354 531
USER         PID %CPU %MEM    VSZ   RSS TTY      STAT START   TIME COMMAND
root           1  0.0  0.0    452   108 ?        Ss   06:33   0:00 /package/admin/s6/command/s6-svscan -d4 -- /run/service
root         237  0.0  0.0    232    80 ?        S    06:34   0:00 s6-supervise gateway-banker
hermes       258  2.8  2.0 1008304 165480 ?      Rsl  06:34   0:19  \_ /opt/hermes/.venv/bin/python3 /opt/hermes/.venv/bin/hermes -p banker gateway run --replace
hermes       421  0.0  0.0      0     0 ?        Zs   06:45   0:00      \_ [timeout] <defunct>
root         235  0.0  0.0    232    80 ?        S    06:34   0:00 s6-supervise gateway-pm
hermes       239  2.8  1.9 1008116 161628 ?      Rsl  06:34   0:19  \_ /opt/hermes/.venv/bin/python3 /opt/hermes/.venv/bin/hermes -p pm gateway run --replace
hermes       420  0.0  0.0      0     0 ?        Zs   06:45   0:00      \_ [timeout] <defunct>
root         245  0.0  0.0    232    76 ?        S    06:34   0:00 s6-supervise gateway-qa
hermes       254  2.8  2.3 1008272 187408 ?      Rsl  06:34   0:19  \_ /opt/hermes/.venv/bin/python3 /opt/hermes/.venv/bin/hermes -p qa gateway run --replace
hermes       427  0.0  0.0      0     0 ?        Zs   06:45   0:00      \_ [timeout] <defunct>
root          18  0.0  0.0    232    80 ?        S    06:33   0:00 s6-supervise s6-linux-init-shutdownd
root          19  0.0  0.0    224    72 ?        Ss   06:33   0:00  \_ /package/admin/s6-linux-init/command/s6-linux-init-shutdownd -d3 -c /run/s6/basedir -g 3000 -C -B
--- recent dmesg (oom/killed) ---
--- /proc/loadavg ---
--- pstree of self ---
=== end ===
0.01 0.11 0.35 10/350 541
--- /proc/loadavg ---
--- recent dmesg (oom/killed) ---
0.01 0.11 0.35 8/346 545
--- recent dmesg (oom/killed) ---
=== end ===
=== end ===
=== shutdown diagnostic @ SIGTERM ===
--- date ---
2026-08-22T06:55:59Z
--- ps auxf (top 60 by cpu) ---
USER         PID %CPU %MEM    VSZ   RSS TTY      STAT START   TIME COMMAND
root           1  0.0  0.0    448   112 ?        Ss   06:45   0:00 /package/admin/s6/command/s6-svscan -d4 -- /run/service
root          18  0.0  0.0    232    84 ?        S    06:45   0:00 s6-supervise s6-linux-init-shutdownd
root          21  0.0  0.0    224    72 ?        Ss   06:45   0:00  \_ /package/admin/s6-linux-init/command/s6-linux-init-shutdownd -d3 -c /run/s6/basedir -g 3000 -C -B
--- pstree of self ---
--- /proc/loadavg ---
=== shutdown diagnostic @ SIGTERM ===
--- date ---
0.14 0.12 0.25 17/363 662
--- recent dmesg (oom/killed) ---
2026-08-22T06:55:59Z
--- ps auxf (top 60 by cpu) ---
=== end ===
USER         PID %CPU %MEM    VSZ   RSS TTY      STAT START   TIME COMMAND
root           1  0.0  0.0    448   112 ?        Ss   06:45   0:00 /package/admin/s6/command/s6-svscan -d4 -- /run/service
root          18  0.0  0.0    232    84 ?        S    06:45   0:00 s6-supervise s6-linux-init-shutdownd
root          21  0.0  0.0    224    72 ?        Ss   06:45   0:00  \_ /package/admin/s6-linux-init/command/s6-linux-init-shutdownd -d3 -c /run/s6/basedir -g 3000 -C -B
--- pstree of self ---
--- /proc/loadavg ---
0.14 0.12 0.25 22/365 726
--- recent dmesg (oom/killed) ---
=== end ===
=== shutdown diagnostic @ SIGTERM ===
--- date ---
2026-08-22T21:17:46Z
--- ps auxf (top 60 by cpu) ---
=== shutdown diagnostic @ SIGTERM ===
--- date ---
2026-08-22T21:17:46Z
--- ps auxf (top 60 by cpu) ---
USER         PID %CPU %MEM    VSZ   RSS TTY      STAT START   TIME COMMAND
root           1  0.0  0.0    452   116 ?        Ss   06:56   0:00 /package/admin/s6/command/s6-svscan -d4 -- /run/service
hermes      6511  2.0  2.6 1439960 213416 ?      Rl   21:00   0:21 /opt/hermes/.venv/bin/python3 -m tui_gateway.entry
--- pstree of self ---
=== shutdown diagnostic @ SIGTERM ===
--- date ---
--- /proc/loadavg ---
2026-08-22T21:17:46Z
--- ps auxf (top 60 by cpu) ---
0.42 0.40 0.31 24/407 7872
--- recent dmesg (oom/killed) ---
=== shutdown diagnostic @ SIGTERM ===
--- date ---
=== end ===
2026-08-22T21:17:46Z
--- ps auxf (top 60 by cpu) ---
USER         PID %CPU %MEM    VSZ   RSS TTY      STAT START   TIME COMMAND
root           1  0.0  0.0    452   116 ?        Ss   06:56   0:00 /package/admin/s6/command/s6-svscan -d4 -- /run/service
hermes      6511  2.0  2.6 1439960 213416 ?      Rl   21:00   0:21 /opt/hermes/.venv/bin/python3 -m tui_gateway.entry
--- pstree of self ---
USER         PID %CPU %MEM    VSZ   RSS TTY      STAT START   TIME COMMAND
root           1  0.0  0.0    452   116 ?        Ss   06:56   0:00 /package/admin/s6/command/s6-svscan -d4 -- /run/service
hermes      6511  2.0  2.6 1439960 213416 ?      Rl   21:00   0:21 /opt/hermes/.venv/bin/python3 -m tui_gateway.entry
--- pstree of self ---
--- /proc/loadavg ---
0.42 0.40 0.31 16/398 7922
--- /proc/loadavg ---
--- recent dmesg (oom/killed) ---
0.42 0.40 0.31 16/398 7932
--- recent dmesg (oom/killed) ---
=== end ===
USER         PID %CPU %MEM    VSZ   RSS TTY      STAT START   TIME COMMAND
root           1  0.0  0.0    452   116 ?        Ss   06:56   0:00 /package/admin/s6/command/s6-svscan -d4 -- /run/service
hermes      6511  2.0  2.6 1439960 213836 ?      Rl   21:00   0:21 /opt/hermes/.venv/bin/python3 -m tui_gateway.entry
--- pstree of self ---
=== end ===
--- /proc/loadavg ---
0.42 0.40 0.31 8/383 7963
--- recent dmesg (oom/killed) ---
=== end ===
=== shutdown diagnostic @ SIGTERM ===
--- date ---
2026-08-22T21:40:39Z
--- ps auxf (top 60 by cpu) ---
=== shutdown diagnostic @ SIGTERM ===
--- date ---
2026-08-22T21:40:39Z
USER         PID %CPU %MEM    VSZ   RSS TTY      STAT START   TIME COMMAND
root           1  0.0  0.0    452   112 ?        Ss   21:17   0:00 /package/admin/s6/command/s6-svscan -d4 -- /run/service
root          18  0.0  0.0    232    80 ?        S    21:17   0:00 s6-supervise s6-linux-init-shutdownd
root          19  0.0  0.0    224    76 ?        Ss   21:17   0:00  \_ /package/admin/s6-linux-init/command/s6-linux-init-shutdownd -d3 -c /run/s6/basedir -g 3000 -C -B
--- ps auxf (top 60 by cpu) ---
--- pstree of self ---
--- /proc/loadavg ---
=== shutdown diagnostic @ SIGTERM ===
--- date ---
0.02 0.26 0.30 9/367 1655
2026-08-22T21:40:39Z
--- recent dmesg (oom/killed) ---
USER         PID %CPU %MEM    VSZ   RSS TTY      STAT START   TIME COMMAND
root           1  0.0  0.0    452   112 ?        Ss   21:17   0:00 /package/admin/s6/command/s6-svscan -d4 -- /run/service
root          18  0.0  0.0    232    80 ?        S    21:17   0:00 s6-supervise s6-linux-init-shutdownd
root          19  0.0  0.0    224    76 ?        Ss   21:17   0:00  \_ /package/admin/s6-linux-init/command/s6-linux-init-shutdownd -d3 -c /run/s6/basedir -g 3000 -C -B
--- ps auxf (top 60 by cpu) ---
--- pstree of self ---
=== end ===
--- /proc/loadavg ---
USER         PID %CPU %MEM    VSZ   RSS TTY      STAT START   TIME COMMAND
root           1  0.0  0.0    452   112 ?        Ss   21:17   0:00 /package/admin/s6/command/s6-svscan -d4 -- /run/service
root          18  0.0  0.0    232    80 ?        S    21:17   0:00 s6-supervise s6-linux-init-shutdownd
root          19  0.0  0.0    224    76 ?        Ss   21:17   0:00  \_ /package/admin/s6-linux-init/command/s6-linux-init-shutdownd -d3 -c /run/s6/basedir -g 3000 -C -B
--- pstree of self ---
0.02 0.26 0.30 9/358 1683
--- recent dmesg (oom/killed) ---
--- /proc/loadavg ---
0.02 0.26 0.30 6/351 1689
=== end ===
--- recent dmesg (oom/killed) ---
=== end ===
=== shutdown diagnostic @ SIGTERM ===
--- date ---
2026-08-22T21:41:28Z
--- ps auxf (top 60 by cpu) ---
=== shutdown diagnostic @ SIGTERM ===
--- date ---
2026-08-22T21:41:28Z
--- ps auxf (top 60 by cpu) ---
USER         PID %CPU %MEM    VSZ   RSS TTY      STAT START   TIME COMMAND
root           1  0.2  0.0    448   112 ?        Ss   21:40   0:00 /package/admin/s6/command/s6-svscan -d4 -- /run/service
root          18  0.0  0.0    232    80 ?        S    21:40   0:00 s6-supervise s6-linux-init-shutdownd
root          20  0.0  0.0    224    72 ?        Ss   21:40   0:00  \_ /package/admin/s6-linux-init/command/s6-linux-init-shutdownd -d3 -c /run/s6/basedir -g 3000 -C -B
--- pstree of self ---
=== shutdown diagnostic @ SIGTERM ===
--- date ---
--- /proc/loadavg ---
2026-08-22T21:41:28Z
--- ps auxf (top 60 by cpu) ---
1.38 0.56 0.40 17/363 525
--- recent dmesg (oom/killed) ---
=== end ===
USER         PID %CPU %MEM    VSZ   RSS TTY      STAT START   TIME COMMAND
root           1  0.2  0.0    448   112 ?        Ss   21:40   0:00 /package/admin/s6/command/s6-svscan -d4 -- /run/service
root          18  0.0  0.0    232    80 ?        S    21:40   0:00 s6-supervise s6-linux-init-shutdownd
root          20  0.0  0.0    224    72 ?        Ss   21:40   0:00  \_ /package/admin/s6-linux-init/command/s6-linux-init-shutdownd -d3 -c /run/s6/basedir -g 3000 -C -B
--- pstree of self ---
--- /proc/loadavg ---
1.38 0.56 0.40 10/355 553
--- recent dmesg (oom/killed) ---
=== end ===
USER         PID %CPU %MEM    VSZ   RSS TTY      STAT START   TIME COMMAND
root           1  0.2  0.0    448   112 ?        Ss   21:40   0:00 /package/admin/s6/command/s6-svscan -d4 -- /run/service
root          18  0.0  0.0    232    80 ?        S    21:40   0:00 s6-supervise s6-linux-init-shutdownd
root          20  0.0  0.0    224    72 ?        Ss   21:40   0:00  \_ /package/admin/s6-linux-init/command/s6-linux-init-shutdownd -d3 -c /run/s6/basedir -g 3000 -C -B
--- pstree of self ---
--- /proc/loadavg ---
1.38 0.56 0.40 4/339 575
--- recent dmesg (oom/killed) ---
=== end ===
=== shutdown diagnostic @ SIGTERM ===
--- date ---
2026-08-22T22:02:38Z
--- ps auxf (top 60 by cpu) ---
=== shutdown diagnostic @ SIGTERM ===
--- date ---
2026-08-22T22:02:38Z
--- ps auxf (top 60 by cpu) ---
USER         PID %CPU %MEM    VSZ   RSS TTY      STAT START   TIME COMMAND
root           1  0.0  0.0    448   108 ?        Ss   21:41   0:00 /package/admin/s6/command/s6-svscan -d4 -- /run/service
root          18  0.0  0.0    232    84 ?        S    21:41   0:00 s6-supervise s6-linux-init-shutdownd
root          20  0.0  0.0    224    76 ?        Ss   21:41   0:00  \_ /package/admin/s6-linux-init/command/s6-linux-init-shutdownd -d3 -c /run/s6/basedir -g 3000 -C -B
--- pstree of self ---
--- /proc/loadavg ---
USER         PID %CPU %MEM    VSZ   RSS TTY      STAT START   TIME COMMAND
root           1  0.0  0.0    448   108 ?        Ss   21:41   0:00 /package/admin/s6/command/s6-svscan -d4 -- /run/service
root          18  0.0  0.0    232    84 ?        S    21:41   0:00 s6-supervise s6-linux-init-shutdownd
root          20  0.0  0.0    224    76 ?        Ss   21:41   0:00  \_ /package/admin/s6-linux-init/command/s6-linux-init-shutdownd -d3 -c /run/s6/basedir -g 3000 -C -B
=== shutdown diagnostic @ SIGTERM ===
--- date ---
0.00 0.14 0.32 15/369 1617
--- pstree of self ---
--- recent dmesg (oom/killed) ---
2026-08-22T22:02:38Z
--- /proc/loadavg ---
--- ps auxf (top 60 by cpu) ---
=== end ===
0.00 0.14 0.32 14/371 1641
--- recent dmesg (oom/killed) ---
USER         PID %CPU %MEM    VSZ   RSS TTY      STAT START   TIME COMMAND
root           1  0.0  0.0    448   108 ?        Ss   21:41   0:00 /package/admin/s6/command/s6-svscan -d4 -- /run/service
root          18  0.0  0.0    232    84 ?        S    21:41   0:00 s6-supervise s6-linux-init-shutdownd
root          20  0.0  0.0    224    76 ?        Ss   21:41   0:00  \_ /package/admin/s6-linux-init/command/s6-linux-init-shutdownd -d3 -c /run/s6/basedir -g 3000 -C -B
=== end ===
--- pstree of self ---
--- /proc/loadavg ---
0.00 0.14 0.32 12/363 1679
--- recent dmesg (oom/killed) ---
=== end ===
=== shutdown diagnostic @ SIGTERM ===
--- date ---
2026-08-22T22:14:23Z
--- ps auxf (top 60 by cpu) ---
USER         PID %CPU %MEM    VSZ   RSS TTY      STAT START   TIME COMMAND
root         390  0.0  0.0   4328  3728 pts/0    Ss+  22:04   0:00 /bin/bash
root           1  0.0  0.0    452   112 ?        Ss   22:02   0:00 /package/admin/s6/command/s6-svscan -d4 -- /run/service
root          23  0.0  0.0   2680  1864 ?        Ss   22:02   0:00 /bin/sh -e /run/s6/basedir/scripts/rc.init top /opt/hermes/docker/main-wrapper.sh gateway run
hermes       297  0.6  0.0   2976  1752 ?        S    22:03   0:04  \_ sleep infinity
root          24  0.0  0.0    232    80 ?        S    22:02   0:00 s6-supervise s6-linux-init-shutdownd
root          27  0.0  0.0    216    64 ?        Ss   22:02   0:00  \_ /package/admin/s6-linux-init/command/s6-linux-init-shutdownd -d3 -c /run/s6/basedir -g 3000 -C -B
--- pstree of self ---
--- /proc/loadavg ---
0.15 0.16 0.26 2/376 709
--- recent dmesg (oom/killed) ---
=== end ===
=== shutdown diagnostic @ SIGTERM ===
--- date ---
2026-08-22T22:14:39Z
--- ps auxf (top 60 by cpu) ---
USER         PID %CPU %MEM    VSZ   RSS TTY      STAT START   TIME COMMAND
root         390  0.0  0.0   4328  3728 pts/0    Ss+  22:04   0:00 /bin/bash
root           1  0.0  0.0    452   112 ?        Ss   22:02   0:00 /package/admin/s6/command/s6-svscan -d4 -- /run/service
hermes       723 70.1  2.2 713644 186064 ?       Sl   22:14   0:10 /opt/hermes/.venv/bin/python3 /opt/hermes/.venv/bin/hermes -p pm gateway run --no-supervise --force
hermes       767  0.0  0.0   2980  1900 ?        Ss   22:14   0:00  \_ timeout 5 bash -c echo '=== shutdown diagnostic @ SIGTERM ==='; echo '--- date ---'; date -u +%Y-%m-%dT%H:%M:%SZ; echo '--- ps auxf (top 60 by cpu) ---'; ps auxf --sort=-pcpu 2>/dev/null | head -60; echo '--- pstree of self ---'; pstree -plau 723 2>/dev/null | head -40 || true; echo '--- /proc/loadavg ---'; cat /proc/loadavg 2>/dev/null || true; echo '--- recent dmesg (oom/killed) ---'; dmesg -T 2>/dev/null | tail -20 || journalctl --user -n 20 --no-pager 2>/dev/null | tail -20 || true; echo '=== end ==='
hermes       769  0.0  0.0   4452  3352 ?        S    22:14   0:00      \_ bash -c echo '=== shutdown diagnostic @ SIGTERM ==='; echo '--- date ---'; date -u +%Y-%m-%dT%H:%M:%SZ; echo '--- ps auxf (top 60 by cpu) ---'; ps auxf --sort=-pcpu 2>/dev/null | head -60; echo '--- pstree of self ---'; pstree -plau 723 2>/dev/null | head -40 || true; echo '--- /proc/loadavg ---'; cat /proc/loadavg 2>/dev/null || true; echo '--- recent dmesg (oom/killed) ---'; dmesg -T 2>/dev/null | tail -20 || journalctl --user -n 20 --no-pager 2>/dev/null | tail -20 || true; echo '=== end ==='
hermes       771  0.0  0.0   6804  4092 ?        R    22:14   0:00          \_ ps auxf --sort=-pcpu
hermes       772  0.0  0.0   2984  1808 ?        S    22:14   0:00          \_ head -60
--- pstree of self ---
--- /proc/loadavg ---
0.66 0.28 0.30 1/373 775
--- recent dmesg (oom/killed) ---
=== end ===
=== shutdown diagnostic @ SIGTERM ===
--- date ---
2026-08-22T22:20:58Z
--- ps auxf (top 60 by cpu) ---
USER         PID %CPU %MEM    VSZ   RSS TTY      STAT START   TIME COMMAND
root         390  0.0  0.0   4328  3728 pts/0    Ss+  22:04   0:00 /bin/bash
root           1  0.0  0.0    452   112 ?        Ss   22:02   0:00 /package/admin/s6/command/s6-svscan -d4 -- /run/service
root         242  0.0  0.0    232    80 ?        S    22:03   0:00 s6-supervise gateway-pm
hermes       759  3.3  1.9 1007328 160368 ?      Ssl  22:14   0:12  \_ /opt/hermes/.venv/bin/python3 /opt/hermes/.venv/bin/hermes -p pm gateway run --replace
hermes       826  0.0  0.0   2980  1820 ?        Ss   22:20   0:00      \_ timeout 5 bash -c echo '=== shutdown diagnostic @ SIGTERM ==='; echo '--- date ---'; date -u +%Y-%m-%dT%H:%M:%SZ; echo '--- ps auxf (top 60 by cpu) ---'; ps auxf --sort=-pcpu 2>/dev/null | head -60; echo '--- pstree of self ---'; pstree -plau 759 2>/dev/null | head -40 || true; echo '--- /proc/loadavg ---'; cat /proc/loadavg 2>/dev/null || true; echo '--- recent dmesg (oom/killed) ---'; dmesg -T 2>/dev/null | tail -20 || journalctl --user -n 20 --no-pager 2>/dev/null | tail -20 || true; echo '=== end ==='
hermes       828  0.0  0.0   4452  3380 ?        S    22:20   0:00          \_ bash -c echo '=== shutdown diagnostic @ SIGTERM ==='; echo '--- date ---'; date -u +%Y-%m-%dT%H:%M:%SZ; echo '--- ps auxf (top 60 by cpu) ---'; ps auxf --sort=-pcpu 2>/dev/null | head -60; echo '--- pstree of self ---'; pstree -plau 759 2>/dev/null | head -40 || true; echo '--- /proc/loadavg ---'; cat /proc/loadavg 2>/dev/null || true; echo '--- recent dmesg (oom/killed) ---'; dmesg -T 2>/dev/null | tail -20 || journalctl --user -n 20 --no-pager 2>/dev/null | tail -20 || true; echo '=== end ==='
hermes       830  100  0.0   6804  4012 ?        R    22:20   0:00              \_ ps auxf --sort=-pcpu
--- pstree of self ---
--- /proc/loadavg ---
1.06 0.48 0.35 3/379 835
--- recent dmesg (oom/killed) ---
=== end ===
=== shutdown diagnostic @ SIGTERM ===
--- date ---
2026-08-22T22:21:12Z
--- ps auxf (top 60 by cpu) ---
USER         PID %CPU %MEM    VSZ   RSS TTY      STAT START   TIME COMMAND
root         390  0.0  0.0   4328  3728 pts/0    Ss+  22:04   0:00 /bin/bash
root           1  0.0  0.0    452   112 ?        Ss   22:02   0:00 /package/admin/s6/command/s6-svscan -d4 -- /run/service
hermes       849 67.4  2.2 714684 185728 ?       Sl   22:20   0:09 /opt/hermes/.venv/bin/python3 /opt/hermes/.venv/bin/hermes -p pm gateway run --no-supervise --force
hermes       880  0.0  0.0   2980  1868 ?        Ss   22:21   0:00  \_ timeout 5 bash -c echo '=== shutdown diagnostic @ SIGTERM ==='; echo '--- date ---'; date -u +%Y-%m-%dT%H:%M:%SZ; echo '--- ps auxf (top 60 by cpu) ---'; ps auxf --sort=-pcpu 2>/dev/null | head -60; echo '--- pstree of self ---'; pstree -plau 849 2>/dev/null | head -40 || true; echo '--- /proc/loadavg ---'; cat /proc/loadavg 2>/dev/null || true; echo '--- recent dmesg (oom/killed) ---'; dmesg -T 2>/dev/null | tail -20 || journalctl --user -n 20 --no-pager 2>/dev/null | tail -20 || true; echo '=== end ==='
hermes       882  0.0  0.0   4452  3448 ?        S    22:21   0:00      \_ bash -c echo '=== shutdown diagnostic @ SIGTERM ==='; echo '--- date ---'; date -u +%Y-%m-%dT%H:%M:%SZ; echo '--- ps auxf (top 60 by cpu) ---'; ps auxf --sort=-pcpu 2>/dev/null | head -60; echo '--- pstree of self ---'; pstree -plau 849 2>/dev/null | head -40 || true; echo '--- /proc/loadavg ---'; cat /proc/loadavg 2>/dev/null || true; echo '--- recent dmesg (oom/killed) ---'; dmesg -T 2>/dev/null | tail -20 || journalctl --user -n 20 --no-pager 2>/dev/null | tail -20 || true; echo '=== end ==='
hermes       884  0.0  0.0   6804  4108 ?        R    22:21   0:00          \_ ps auxf --sort=-pcpu
hermes       885  0.0  0.0   2984  1704 ?        S    22:21   0:00          \_ head -60
--- pstree of self ---
--- /proc/loadavg ---
1.13 0.52 0.36 1/376 888
--- recent dmesg (oom/killed) ---
=== end ===
=== shutdown diagnostic @ SIGTERM ===
--- date ---
2026-08-23T03:46:16Z
--- ps auxf (top 60 by cpu) ---
USER         PID %CPU %MEM    VSZ   RSS TTY      STAT START   TIME COMMAND
root         390  0.0  0.0   4328  3728 pts/0    Ss+  Aug22   0:00 /bin/bash
root           1  0.0  0.0    452   112 ?        Ss   Aug22   0:00 /package/admin/s6/command/s6-svscan -d4 -- /run/service
hermes       297  0.0  0.0   2976  1752 ?        S    Aug22   0:04 sleep infinity
--- pstree of self ---
--- /proc/loadavg ---
0.08 0.08 0.01 5/386 1628
--- recent dmesg (oom/killed) ---
=== end ===
=== shutdown diagnostic @ SIGTERM ===
--- date ---
2026-08-23T04:29:38Z
--- ps auxf (top 60 by cpu) ---
=== shutdown diagnostic @ SIGTERM ===
--- date ---
2026-08-23T04:29:38Z
USER         PID %CPU %MEM    VSZ   RSS TTY      STAT START   TIME COMMAND
root         390  0.0  0.0   4328  3728 pts/0    Ss+  Aug22   0:00 /bin/bash
root           1  0.0  0.0    452   112 ?        Ss   Aug22   0:00 /package/admin/s6/command/s6-svscan -d4 -- /run/service
root         242  0.0  0.0    232    80 ?        S    Aug22   0:00 s6-supervise gateway-pm
hermes      1673  4.0  4.1 1721260 336652 ?      Rsl  03:46   1:45  \_ /opt/hermes/.venv/bin/python3 /opt/hermes/.venv/bin/hermes -p pm gateway run --replace
hermes      5688  0.0  0.0   2980  1820 ?        Ss   04:29   0:00      \_ timeout 5 bash -c echo '=== shutdown diagnostic @ SIGTERM ==='; echo '--- date ---'; date -u +%Y-%m-%dT%H:%M:%SZ; echo '--- ps auxf (top 60 by cpu) ---'; ps auxf --sort=-pcpu 2>/dev/null | head -60; echo '--- pstree of self ---'; pstree -plau 1673 2>/dev/null | head -40 || true; echo '--- /proc/loadavg ---'; cat /proc/loadavg 2>/dev/null || true; echo '--- recent dmesg (oom/killed) ---'; dmesg -T 2>/dev/null | tail -20 || journalctl --user -n 20 --no-pager 2>/dev/null | tail -20 || true; echo '=== end ==='
hermes      5701 20.0  0.0   4452  3456 ?        S    04:29   0:00          \_ bash -c echo '=== shutdown diagnostic @ SIGTERM ==='; echo '--- date ---'; date -u +%Y-%m-%dT%H:%M:%SZ; echo '--- ps auxf (top 60 by cpu) ---'; ps auxf --sort=-pcpu 2>/dev/null | head -60; echo '--- pstree of self ---'; pstree -plau 1673 2>/dev/null | head -40 || true; echo '--- /proc/loadavg ---'; cat /proc/loadavg 2>/dev/null || true; echo '--- recent dmesg (oom/killed) ---'; dmesg -T 2>/dev/null | tail -20 || journalctl --user -n 20 --no-pager 2>/dev/null | tail -20 || true; echo '=== end ==='
hermes      5724  0.0  0.0   6804  4092 ?        R    04:29   0:00              \_ ps auxf --sort=-pcpu
root         265  0.0  0.0    232    80 ?        S    Aug22   0:00 s6-supervise gateway-coder
hermes      5114  4.9  3.4 1753240 284424 ?      Dsl  04:21   0:23  \_ /opt/hermes/.venv/bin/python3 /opt/hermes/.venv/bin/hermes -p coder gateway run --replace
hermes      5692  0.0  0.0   2980  1932 ?        Ss   04:29   0:00      \_ timeout 5 bash -c echo '=== shutdown diagnostic @ SIGTERM ==='; echo '--- date ---'; date -u +%Y-%m-%dT%H:%M:%SZ; echo '--- ps auxf (top 60 by cpu) ---'; ps auxf --sort=-pcpu 2>/dev/null | head -60; echo '--- pstree of self ---'; pstree -plau 5114 2>/dev/null | head -40 || true; echo '--- /proc/loadavg ---'; cat /proc/loadavg 2>/dev/null || true; echo '--- recent dmesg (oom/killed) ---'; dmesg -T 2>/dev/null | tail -20 || journalctl --user -n 20 --no-pager 2>/dev/null | tail -20 || true; echo '=== end ==='
hermes      5705  0.0  0.0   4452  3312 ?        S    04:29   0:00          \_ bash -c echo '=== shutdown diagnostic @ SIGTERM ==='; echo '--- date ---'; date -u +%Y-%m-%dT%H:%M:%SZ; echo '--- ps auxf (top 60 by cpu) ---'; ps auxf --sort=-pcpu 2>/dev/null | head -60; echo '--- pstree of self ---'; pstree -plau 5114 2>/dev/null | head -40 || true; echo '--- /proc/loadavg ---'; cat /proc/loadavg 2>/dev/null || true; echo '--- recent dmesg (oom/killed) ---'; dmesg -T 2>/dev/null | tail -20 || journalctl --user -n 20 --no-pager 2>/dev/null | tail -20 || true; echo '=== end ==='
hermes      5715  0.0  0.0   2984  1816 ?        R    04:29   0:00              \_ head -60
root         253  0.0  0.0    232    84 ?        S    Aug22   0:00 s6-supervise gateway-qa
hermes      1770  3.8  3.9 1929008 320732 ?      Dsl  03:46   1:38  \_ /opt/hermes/.venv/bin/python3 /opt/hermes/.venv/bin/hermes -p qa gateway run --replace
hermes      5691  0.0  0.0   2980  1900 ?        Ss   04:29   0:00      \_ timeout 5 bash -c echo '=== shutdown diagnostic @ SIGTERM ==='; echo '--- date ---'; date -u +%Y-%m-%dT%H:%M:%SZ; echo '--- ps auxf (top 60 by cpu) ---'; ps auxf --sort=-pcpu 2>/dev/null | head -60; echo '--- pstree of self ---'; pstree -plau 1770 2>/dev/null | head -40 || true; echo '--- /proc/loadavg ---'; cat /proc/loadavg 2>/dev/null || true; echo '--- recent dmesg (oom/killed) ---'; dmesg -T 2>/dev/null | tail -20 || journalctl --user -n 20 --no-pager 2>/dev/null | tail -20 || true; echo '=== end ==='
hermes      5707  0.0  0.0   4452  3392 ?        S    04:29   0:00          \_ bash -c echo '=== shutdown diagnostic @ SIGTERM ==='; echo '--- date ---'; date -u +%Y-%m-%dT%H:%M:%SZ; echo '--- ps auxf (top 60 by cpu) ---'; ps auxf --sort=-pcpu 2>/dev/null | head -60; echo '--- pstree of self ---'; pstree -plau 1770 2>/dev/null | head -40 || true; echo '--- /proc/loadavg ---'; cat /proc/loadavg 2>/dev/null || true; echo '--- recent dmesg (oom/killed) ---'; dmesg -T 2>/dev/null | tail -20 || journalctl --user -n 20 --no-pager 2>/dev/null | tail -20 || true; echo '=== end ==='
hermes      5725  0.0  0.0   6804  3772 ?        R    04:29   0:00              \_ ps auxf --sort=-pcpu
hermes      5726  0.0  0.0   2984  1840 ?        S    04:29   0:00              \_ head -60
root         246  0.0  0.0    232    80 ?        S    Aug22   0:00 s6-supervise gateway-banker
hermes      1677  1.4  2.8 1639200 231948 ?      Ssl  03:46   0:36  \_ /opt/hermes/.venv/bin/python3 /opt/hermes/.venv/bin/hermes -p banker gateway run --replace
hermes      5689  0.0  0.0   2980  1928 ?        Ss   04:29   0:00      \_ timeout 5 bash -c echo '=== shutdown diagnostic @ SIGTERM ==='; echo '--- date ---'; date -u +%Y-%m-%dT%H:%M:%SZ; echo '--- ps auxf (top 60 by cpu) ---'; ps auxf --sort=-pcpu 2>/dev/null | head -60; echo '--- pstree of self ---'; pstree -plau 1677 2>/dev/null | head -40 || true; echo '--- /proc/loadavg ---'; cat /proc/loadavg 2>/dev/null || true; echo '--- recent dmesg (oom/killed) ---'; dmesg -T 2>/dev/null | tail -20 || journalctl --user -n 20 --no-pager 2>/dev/null | tail -20 || true; echo '=== end ==='
hermes      5700  0.0  0.0   4452  3368 ?        S    04:29   0:00          \_ bash -c echo '=== shutdown diagnostic @ SIGTERM ==='; echo '--- date ---'; date -u +%Y-%m-%dT%H:%M:%SZ; echo '--- ps auxf (top 60 by cpu) ---'; ps auxf --sort=-pcpu 2>/dev/null | head -60; echo '--- pstree of self ---'; pstree -plau 1677 2>/dev/null | head -40 || true; echo '--- /proc/loadavg ---'; cat /proc/loadavg 2>/dev/null || true; echo '--- recent dmesg (oom/killed) ---'; dmesg -T 2>/dev/null | tail -20 || journalctl --user -n 20 --no-pager 2>/dev/null | tail -20 || true; echo '=== end ==='
hermes      5721  0.0  0.0   2984  1812 ?        S    04:29   0:00              \_ head -60
root         249  0.0  0.0    232    84 ?        S    Aug22   0:00 s6-supervise gateway-default
hermes      1665  1.1  1.9 932512 157612 ?       Dsl  03:46   0:29  \_ /opt/hermes/.venv/bin/python3 /opt/hermes/.venv/bin/hermes gateway run --replace
hermes      5690  0.0  0.0   2980  1928 ?        Ss   04:29   0:00      \_ timeout 5 bash -c echo '=== shutdown diagnostic @ SIGTERM ==='; echo '--- date ---'; date -u +%Y-%m-%dT%H:%M:%SZ; echo '--- ps auxf (top 60 by cpu) ---'; ps auxf --sort=-pcpu 2>/dev/null | head -60; echo '--- pstree of self ---'; pstree -plau 1665 2>/dev/null | head -40 || true; echo '--- /proc/loadavg ---'; cat /proc/loadavg 2>/dev/null || true; echo '--- recent dmesg (oom/killed) ---'; dmesg -T 2>/dev/null | tail -20 || journalctl --user -n 20 --no-pager 2>/dev/null | tail -20 || true; echo '=== end ==='
hermes      5704  0.0  0.0   4452  3440 ?        S    04:29   0:00          \_ bash -c echo '=== shutdown diagnostic @ SIGTERM ==='; echo '--- date ---'; date -u +%Y-%m-%dT%H:%M:%SZ; echo '--- ps auxf (top 60 by cpu) ---'; ps auxf --sort=-pcpu 2>/dev/null | head -60; echo '--- pstree of self ---'; pstree -plau 1665 2>/dev/null | head -40 || true; echo '--- /proc/loadavg ---'; cat /proc/loadavg 2>/dev/null || true; echo '--- recent dmesg (oom/killed) ---'; dmesg -T 2>/dev/null | tail -20 || journalctl --user -n 20 --no-pager 2>/dev/null | tail -20 || true; echo '=== end ==='
hermes      5720  0.0  0.0   2984  1812 ?        S    04:29   0:00              \_ head -60
root          24  0.0  0.0    232    80 ?        S    Aug22   0:00 s6-supervise s6-linux-init-shutdownd
root          27  0.0  0.0    224    72 ?        Ss   Aug22   0:00  \_ /package/admin/s6-linux-init/command/s6-linux-init-shutdownd -d3 -c /run/s6/basedir -g 3000 -C -B
--- ps auxf (top 60 by cpu) ---
--- pstree of self ---
=== shutdown diagnostic @ SIGTERM ===
--- date ---
--- /proc/loadavg ---
2026-08-23T04:29:38Z
--- ps auxf (top 60 by cpu) ---
USER         PID %CPU %MEM    VSZ   RSS TTY      STAT START   TIME COMMAND
root         390  0.0  0.0   4328  3728 pts/0    Ss+  Aug22   0:00 /bin/bash
root           1  0.0  0.0    452   112 ?        Ss   Aug22   0:00 /package/admin/s6/command/s6-svscan -d4 -- /run/service
root         242  0.0  0.0    232    80 ?        S    Aug22   0:00 s6-supervise gateway-pm
hermes      1673  4.0  4.1 1721260 336652 ?      Dsl  03:46   1:45  \_ /opt/hermes/.venv/bin/python3 /opt/hermes/.venv/bin/hermes -p pm gateway run --replace
hermes      5688  0.0  0.0   2980  1820 ?        Ss   04:29   0:00      \_ timeout 5 bash -c echo '=== shutdown diagnostic @ SIGTERM ==='; echo '--- date ---'; date -u +%Y-%m-%dT%H:%M:%SZ; echo '--- ps auxf (top 60 by cpu) ---'; ps auxf --sort=-pcpu 2>/dev/null | head -60; echo '--- pstree of self ---'; pstree -plau 1673 2>/dev/null | head -40 || true; echo '--- /proc/loadavg ---'; cat /proc/loadavg 2>/dev/null || true; echo '--- recent dmesg (oom/killed) ---'; dmesg -T 2>/dev/null | tail -20 || journalctl --user -n 20 --no-pager 2>/dev/null | tail -20 || true; echo '=== end ==='
hermes      5701 25.0  0.0   4452  3456 ?        S    04:29   0:00          \_ bash -c echo '=== shutdown diagnostic @ SIGTERM ==='; echo '--- date ---'; date -u +%Y-%m-%dT%H:%M:%SZ; echo '--- ps auxf (top 60 by cpu) ---'; ps auxf --sort=-pcpu 2>/dev/null | head -60; echo '--- pstree of self ---'; pstree -plau 1673 2>/dev/null | head -40 || true; echo '--- /proc/loadavg ---'; cat /proc/loadavg 2>/dev/null || true; echo '--- recent dmesg (oom/killed) ---'; dmesg -T 2>/dev/null | tail -20 || journalctl --user -n 20 --no-pager 2>/dev/null | tail -20 || true; echo '=== end ==='
root         265  0.0  0.0    232    80 ?        S    Aug22   0:00 s6-supervise gateway-coder
hermes      5114  4.9  3.4 1753240 284424 ?      Dsl  04:21   0:23  \_ /opt/hermes/.venv/bin/python3 /opt/hermes/.venv/bin/hermes -p coder gateway run --replace
hermes      5692  0.0  0.0   2980  1932 ?        Ss   04:29   0:00      \_ timeout 5 bash -c echo '=== shutdown diagnostic @ SIGTERM ==='; echo '--- date ---'; date -u +%Y-%m-%dT%H:%M:%SZ; echo '--- ps auxf (top 60 by cpu) ---'; ps auxf --sort=-pcpu 2>/dev/null | head -60; echo '--- pstree of self ---'; pstree -plau 5114 2>/dev/null | head -40 || true; echo '--- /proc/loadavg ---'; cat /proc/loadavg 2>/dev/null || true; echo '--- recent dmesg (oom/killed) ---'; dmesg -T 2>/dev/null | tail -20 || journalctl --user -n 20 --no-pager 2>/dev/null | tail -20 || true; echo '=== end ==='
hermes      5705 14.2  0.0   4452  3312 ?        S    04:29   0:00          \_ bash -c echo '=== shutdown diagnostic @ SIGTERM ==='; echo '--- date ---'; date -u +%Y-%m-%dT%H:%M:%SZ; echo '--- ps auxf (top 60 by cpu) ---'; ps auxf --sort=-pcpu 2>/dev/null | head -60; echo '--- pstree of self ---'; pstree -plau 5114 2>/dev/null | head -40 || true; echo '--- /proc/loadavg ---'; cat /proc/loadavg 2>/dev/null || true; echo '--- recent dmesg (oom/killed) ---'; dmesg -T 2>/dev/null | tail -20 || journalctl --user -n 20 --no-pager 2>/dev/null | tail -20 || true; echo '=== end ==='
root         253  0.0  0.0    232    84 ?        S    Aug22   0:00 s6-supervise gateway-qa
hermes      1770  3.8  3.9 1929008 320732 ?      Ssl  03:46   1:38  \_ /opt/hermes/.venv/bin/python3 /opt/hermes/.venv/bin/hermes -p qa gateway run --replace
hermes      5691  0.0  0.0   2980  1900 ?        Ss   04:29   0:00      \_ timeout 5 bash -c echo '=== shutdown diagnostic @ SIGTERM ==='; echo '--- date ---'; date -u +%Y-%m-%dT%H:%M:%SZ; echo '--- ps auxf (top 60 by cpu) ---'; ps auxf --sort=-pcpu 2>/dev/null | head -60; echo '--- pstree of self ---'; pstree -plau 1770 2>/dev/null | head -40 || true; echo '--- /proc/loadavg ---'; cat /proc/loadavg 2>/dev/null || true; echo '--- recent dmesg (oom/killed) ---'; dmesg -T 2>/dev/null | tail -20 || journalctl --user -n 20 --no-pager 2>/dev/null | tail -20 || true; echo '=== end ==='
hermes      5707  0.0  0.0   4452  3392 ?        S    04:29   0:00          \_ bash -c echo '=== shutdown diagnostic @ SIGTERM ==='; echo '--- date ---'; date -u +%Y-%m-%dT%H:%M:%SZ; echo '--- ps auxf (top 60 by cpu) ---'; ps auxf --sort=-pcpu 2>/dev/null | head -60; echo '--- pstree of self ---'; pstree -plau 1770 2>/dev/null | head -40 || true; echo '--- /proc/loadavg ---'; cat /proc/loadavg 2>/dev/null || true; echo '--- recent dmesg (oom/killed) ---'; dmesg -T 2>/dev/null | tail -20 || journalctl --user -n 20 --no-pager 2>/dev/null | tail -20 || true; echo '=== end ==='
root         246  0.0  0.0    232    80 ?        S    Aug22   0:00 s6-supervise gateway-banker
hermes      1677  1.4  2.8 1639200 231948 ?      Dsl  03:46   0:36  \_ /opt/hermes/.venv/bin/python3 /opt/hermes/.venv/bin/hermes -p banker gateway run --replace
hermes      5689  0.0  0.0   2980  1928 ?        Ss   04:29   0:00      \_ timeout 5 bash -c echo '=== shutdown diagnostic @ SIGTERM ==='; echo '--- date ---'; date -u +%Y-%m-%dT%H:%M:%SZ; echo '--- ps auxf (top 60 by cpu) ---'; ps auxf --sort=-pcpu 2>/dev/null | head -60; echo '--- pstree of self ---'; pstree -plau 1677 2>/dev/null | head -40 || true; echo '--- /proc/loadavg ---'; cat /proc/loadavg 2>/dev/null || true; echo '--- recent dmesg (oom/killed) ---'; dmesg -T 2>/dev/null | tail -20 || journalctl --user -n 20 --no-pager 2>/dev/null | tail -20 || true; echo '=== end ==='
hermes      5700  0.0  0.0   4452  3368 ?        S    04:29   0:00          \_ bash -c echo '=== shutdown diagnostic @ SIGTERM ==='; echo '--- date ---'; date -u +%Y-%m-%dT%H:%M:%SZ; echo '--- ps auxf (top 60 by cpu) ---'; ps auxf --sort=-pcpu 2>/dev/null | head -60; echo '--- pstree of self ---'; pstree -plau 1677 2>/dev/null | head -40 || true; echo '--- /proc/loadavg ---'; cat /proc/loadavg 2>/dev/null || true; echo '--- recent dmesg (oom/killed) ---'; dmesg -T 2>/dev/null | tail -20 || journalctl --user -n 20 --no-pager 2>/dev/null | tail -20 || true; echo '=== end ==='
root         249  0.0  0.0    232    84 ?        S    Aug22   0:00 s6-supervise gateway-default
hermes      1665  1.1  1.9 932512 157612 ?       Dsl  03:46   0:29  \_ /opt/hermes/.venv/bin/python3 /opt/hermes/.venv/bin/hermes gateway run --replace
hermes      5690  0.0  0.0   2980  1928 ?        Ss   04:29   0:00      \_ timeout 5 bash -c echo '=== shutdown diagnostic @ SIGTERM ==='; echo '--- date ---'; date -u +%Y-%m-%dT%H:%M:%SZ; echo '--- ps auxf (top 60 by cpu) ---'; ps auxf --sort=-pcpu 2>/dev/null | head -60; echo '--- pstree of self ---'; pstree -plau 1665 2>/dev/null | head -40 || true; echo '--- /proc/loadavg ---'; cat /proc/loadavg 2>/dev/null || true; echo '--- recent dmesg (oom/killed) ---'; dmesg -T 2>/dev/null | tail -20 || journalctl --user -n 20 --no-pager 2>/dev/null | tail -20 || true; echo '=== end ==='
hermes      5704 14.2  0.0   4452  3440 ?        S    04:29   0:00          \_ bash -c echo '=== shutdown diagnostic @ SIGTERM ==='; echo '--- date ---'; date -u +%Y-%m-%dT%H:%M:%SZ; echo '--- ps auxf (top 60 by cpu) ---'; ps auxf --sort=-pcpu 2>/dev/null | head -60; echo '--- pstree of self ---'; pstree -plau 1665 2>/dev/null | head -40 || true; echo '--- /proc/loadavg ---'; cat /proc/loadavg 2>/dev/null || true; echo '--- recent dmesg (oom/killed) ---'; dmesg -T 2>/dev/null | tail -20 || journalctl --user -n 20 --no-pager 2>/dev/null | tail -20 || true; echo '=== end ==='
root          24  0.0  0.0    232    80 ?        S    Aug22   0:00 s6-supervise s6-linux-init-shutdownd
root          27  0.0  0.0    224    72 ?        Ss   Aug22   0:00  \_ /package/admin/s6-linux-init/command/s6-linux-init-shutdownd -d3 -c /run/s6/basedir -g 3000 -C -B
0.18 0.21 0.18 25/404 5797
--- pstree of self ---
--- recent dmesg (oom/killed) ---
=== shutdown diagnostic @ SIGTERM ===
--- date ---
--- /proc/loadavg ---
=== end ===
2026-08-23T04:29:38Z
USER         PID %CPU %MEM    VSZ   RSS TTY      STAT START   TIME COMMAND
root         390  0.0  0.0   4328  3728 pts/0    Ss+  Aug22   0:00 /bin/bash
root           1  0.0  0.0    452   112 ?        Ss   Aug22   0:00 /package/admin/s6/command/s6-svscan -d4 -- /run/service
root         242  0.0  0.0    232    80 ?        S    Aug22   0:00 s6-supervise gateway-pm
hermes      1673  4.0  4.1 1721260 336652 ?      Ssl  03:46   1:45  \_ /opt/hermes/.venv/bin/python3 /opt/hermes/.venv/bin/hermes -p pm gateway run --replace
hermes      5688  0.0  0.0   2980  1820 ?        Ss   04:29   0:00      \_ timeout 5 bash -c echo '=== shutdown diagnostic @ SIGTERM ==='; echo '--- date ---'; date -u +%Y-%m-%dT%H:%M:%SZ; echo '--- ps auxf (top 60 by cpu) ---'; ps auxf --sort=-pcpu 2>/dev/null | head -60; echo '--- pstree of self ---'; pstree -plau 1673 2>/dev/null | head -40 || true; echo '--- /proc/loadavg ---'; cat /proc/loadavg 2>/dev/null || true; echo '--- recent dmesg (oom/killed) ---'; dmesg -T 2>/dev/null | tail -20 || journalctl --user -n 20 --no-pager 2>/dev/null | tail -20 || true; echo '=== end ==='
hermes      5701 18.1  0.0   4452  3456 ?        R    04:29   0:00          \_ bash -c echo '=== shutdown diagnostic @ SIGTERM ==='; echo '--- date ---'; date -u +%Y-%m-%dT%H:%M:%SZ; echo '--- ps auxf (top 60 by cpu) ---'; ps auxf --sort=-pcpu 2>/dev/null | head -60; echo '--- pstree of self ---'; pstree -plau 1673 2>/dev/null | head -40 || true; echo '--- /proc/loadavg ---'; cat /proc/loadavg 2>/dev/null || true; echo '--- recent dmesg (oom/killed) ---'; dmesg -T 2>/dev/null | tail -20 || journalctl --user -n 20 --no-pager 2>/dev/null | tail -20 || true; echo '=== end ==='
root         265  0.0  0.0    232    80 ?        S    Aug22   0:00 s6-supervise gateway-coder
hermes      5114  4.9  3.4 1753240 284424 ?      Rsl  04:21   0:23  \_ /opt/hermes/.venv/bin/python3 /opt/hermes/.venv/bin/hermes -p coder gateway run --replace
hermes      5692  0.0  0.0   2980  1932 ?        Rs   04:29   0:00      \_ timeout 5 bash -c echo '=== shutdown diagnostic @ SIGTERM ==='; echo '--- date ---'; date -u +%Y-%m-%dT%H:%M:%SZ; echo '--- ps auxf (top 60 by cpu) ---'; ps auxf --sort=-pcpu 2>/dev/null | head -60; echo '--- pstree of self ---'; pstree -plau 5114 2>/dev/null | head -40 || true; echo '--- /proc/loadavg ---'; cat /proc/loadavg 2>/dev/null || true; echo '--- recent dmesg (oom/killed) ---'; dmesg -T 2>/dev/null | tail -20 || journalctl --user -n 20 --no-pager 2>/dev/null | tail -20 || true; echo '=== end ==='
root         253  0.0  0.0    232    84 ?        S    Aug22   0:00 s6-supervise gateway-qa
hermes      1770  3.8  3.9 1929008 320732 ?      Ssl  03:46   1:38  \_ /opt/hermes/.venv/bin/python3 /opt/hermes/.venv/bin/hermes -p qa gateway run --replace
hermes      5691  0.0  0.0   2980  1900 ?        Ss   04:29   0:00      \_ timeout 5 bash -c echo '=== shutdown diagnostic @ SIGTERM ==='; echo '--- date ---'; date -u +%Y-%m-%dT%H:%M:%SZ; echo '--- ps auxf (top 60 by cpu) ---'; ps auxf --sort=-pcpu 2>/dev/null | head -60; echo '--- pstree of self ---'; pstree -plau 1770 2>/dev/null | head -40 || true; echo '--- /proc/loadavg ---'; cat /proc/loadavg 2>/dev/null || true; echo '--- recent dmesg (oom/killed) ---'; dmesg -T 2>/dev/null | tail -20 || journalctl --user -n 20 --no-pager 2>/dev/null | tail -20 || true; echo '=== end ==='
hermes      5707  0.0  0.0   4452  3392 ?        S    04:29   0:00          \_ bash -c echo '=== shutdown diagnostic @ SIGTERM ==='; echo '--- date ---'; date -u +%Y-%m-%dT%H:%M:%SZ; echo '--- ps auxf (top 60 by cpu) ---'; ps auxf --sort=-pcpu 2>/dev/null | head -60; echo '--- pstree of self ---'; pstree -plau 1770 2>/dev/null | head -40 || true; echo '--- /proc/loadavg ---'; cat /proc/loadavg 2>/dev/null || true; echo '--- recent dmesg (oom/killed) ---'; dmesg -T 2>/dev/null | tail -20 || journalctl --user -n 20 --no-pager 2>/dev/null | tail -20 || true; echo '=== end ==='
root         246  0.0  0.0    232    80 ?        S    Aug22   0:00 s6-supervise gateway-banker
hermes      1677  1.4  2.8 1639200 231948 ?      Ssl  03:46   0:36  \_ /opt/hermes/.venv/bin/python3 /opt/hermes/.venv/bin/hermes -p banker gateway run --replace
hermes      5689  0.0  0.0   2980  1928 ?        Ss   04:29   0:00      \_ timeout 5 bash -c echo '=== shutdown diagnostic @ SIGTERM ==='; echo '--- date ---'; date -u +%Y-%m-%dT%H:%M:%SZ; echo '--- ps auxf (top 60 by cpu) ---'; ps auxf --sort=-pcpu 2>/dev/null | head -60; echo '--- pstree of self ---'; pstree -plau 1677 2>/dev/null | head -40 || true; echo '--- /proc/loadavg ---'; cat /proc/loadavg 2>/dev/null || true; echo '--- recent dmesg (oom/killed) ---'; dmesg -T 2>/dev/null | tail -20 || journalctl --user -n 20 --no-pager 2>/dev/null | tail -20 || true; echo '=== end ==='
root         249  0.0  0.0    232    84 ?        S    Aug22   0:00 s6-supervise gateway-default
hermes      1665  1.1  1.9 932512 157612 ?       Dsl  03:46   0:29  \_ /opt/hermes/.venv/bin/python3 /opt/hermes/.venv/bin/hermes gateway run --replace
hermes      5734  0.0  0.0   2980  1900 ?        Ss   04:29   0:00      \_ timeout 5 bash -c echo '=== shutdown diagnostic @ SIGTERM ==='; echo '--- date ---'; date -u +%Y-%m-%dT%H:%M:%SZ; echo '--- ps auxf (top 60 by cpu) ---'; ps auxf --sort=-pcpu 2>/dev/null | head -60; echo '--- pstree of self ---'; pstree -plau 1665 2>/dev/null | head -40 || true; echo '--- /proc/loadavg ---'; cat /proc/loadavg 2>/dev/null || true; echo '--- recent dmesg (oom/killed) ---'; dmesg -T 2>/dev/null | tail -20 || journalctl --user -n 20 --no-pager 2>/dev/null | tail -20 || true; echo '=== end ==='
hermes      5753  0.0  0.0   4452  3456 ?        S    04:29   0:00          \_ bash -c echo '=== shutdown diagnostic @ SIGTERM ==='; echo '--- date ---'; date -u +%Y-%m-%dT%H:%M:%SZ; echo '--- ps auxf (top 60 by cpu) ---'; ps auxf --sort=-pcpu 2>/dev/null | head -60; echo '--- pstree of self ---'; pstree -plau 1665 2>/dev/null | head -40 || true; echo '--- /proc/loadavg ---'; cat /proc/loadavg 2>/dev/null || true; echo '--- recent dmesg (oom/killed) ---'; dmesg -T 2>/dev/null | tail -20 || journalctl --user -n 20 --no-pager 2>/dev/null | tail -20 || true; echo '=== end ==='
root          24  0.0  0.0    232    80 ?        S    Aug22   0:00 s6-supervise s6-linux-init-shutdownd
root          27  0.0  0.0    224    72 ?        Ss   Aug22   0:00  \_ /package/admin/s6-linux-init/command/s6-linux-init-shutdownd -d3 -c /run/s6/basedir -g 3000 -C -B
--- ps auxf (top 60 by cpu) ---
0.18 0.21 0.18 24/401 5820
--- pstree of self ---
--- recent dmesg (oom/killed) ---
--- /proc/loadavg ---
=== end ===
0.18 0.21 0.18 21/393 5843
USER         PID %CPU %MEM    VSZ   RSS TTY      STAT START   TIME COMMAND
root         390  0.0  0.0   4328  3728 pts/0    Ss+  Aug22   0:00 /bin/bash
root           1  0.0  0.0    452   112 ?        Ss   Aug22   0:00 /package/admin/s6/command/s6-svscan -d4 -- /run/service
root         242  0.0  0.0    232    80 ?        S    Aug22   0:00 s6-supervise gateway-pm
hermes      1673  4.0  4.1 1721260 336652 ?      Ssl  03:46   1:45  \_ /opt/hermes/.venv/bin/python3 /opt/hermes/.venv/bin/hermes -p pm gateway run --replace
hermes      5688  0.0  0.0      0     0 ?        Zs   04:29   0:00      \_ [timeout] <defunct>
root         265  0.0  0.0    232    80 ?        S    Aug22   0:00 s6-supervise gateway-coder
hermes      5114  4.9  3.5 1753240 284456 ?      Ssl  04:21   0:23  \_ /opt/hermes/.venv/bin/python3 /opt/hermes/.venv/bin/hermes -p coder gateway run --replace
hermes      5692  0.0  0.0      0     0 ?        Zs   04:29   0:00      \_ [timeout] <defunct>
root         253  0.0  0.0    232    84 ?        S    Aug22   0:00 s6-supervise gateway-qa
hermes      1770  3.8  3.9 1929008 320732 ?      Ssl  03:46   1:38  \_ /opt/hermes/.venv/bin/python3 /opt/hermes/.venv/bin/hermes -p qa gateway run --replace
hermes      5691  0.0  0.0   2980  1900 ?        Ss   04:29   0:00      \_ timeout 5 bash -c echo '=== shutdown diagnostic @ SIGTERM ==='; echo '--- date ---'; date -u +%Y-%m-%dT%H:%M:%SZ; echo '--- ps auxf (top 60 by cpu) ---'; ps auxf --sort=-pcpu 2>/dev/null | head -60; echo '--- pstree of self ---'; pstree -plau 1770 2>/dev/null | head -40 || true; echo '--- /proc/loadavg ---'; cat /proc/loadavg 2>/dev/null || true; echo '--- recent dmesg (oom/killed) ---'; dmesg -T 2>/dev/null | tail -20 || journalctl --user -n 20 --no-pager 2>/dev/null | tail -20 || true; echo '=== end ==='
root         246  0.0  0.0    232    80 ?        S    Aug22   0:00 s6-supervise gateway-banker
hermes      1677  1.4  2.8 1639200 232240 ?      Ssl  03:46   0:36  \_ /opt/hermes/.venv/bin/python3 /opt/hermes/.venv/bin/hermes -p banker gateway run --replace
hermes      5689  0.0  0.0      0     0 ?        Zs   04:29   0:00      \_ [timeout] <defunct>
root         249  0.0  0.0    232    84 ?        S    Aug22   0:00 s6-supervise gateway-default
hermes      1665  1.1  1.9 932512 157612 ?       Rsl  03:46   0:29  \_ /opt/hermes/.venv/bin/python3 /opt/hermes/.venv/bin/hermes gateway run --replace
hermes      5734  0.0  0.0   2980  1900 ?        Ss   04:29   0:00      \_ timeout 5 bash -c echo '=== shutdown diagnostic @ SIGTERM ==='; echo '--- date ---'; date -u +%Y-%m-%dT%H:%M:%SZ; echo '--- ps auxf (top 60 by cpu) ---'; ps auxf --sort=-pcpu 2>/dev/null | head -60; echo '--- pstree of self ---'; pstree -plau 1665 2>/dev/null | head -40 || true; echo '--- /proc/loadavg ---'; cat /proc/loadavg 2>/dev/null || true; echo '--- recent dmesg (oom/killed) ---'; dmesg -T 2>/dev/null | tail -20 || journalctl --user -n 20 --no-pager 2>/dev/null | tail -20 || true; echo '=== end ==='
hermes      5753  0.0  0.0   4452  3456 ?        S    04:29   0:00          \_ bash -c echo '=== shutdown diagnostic @ SIGTERM ==='; echo '--- date ---'; date -u +%Y-%m-%dT%H:%M:%SZ; echo '--- ps auxf (top 60 by cpu) ---'; ps auxf --sort=-pcpu 2>/dev/null | head -60; echo '--- pstree of self ---'; pstree -plau 1665 2>/dev/null | head -40 || true; echo '--- /proc/loadavg ---'; cat /proc/loadavg 2>/dev/null || true; echo '--- recent dmesg (oom/killed) ---'; dmesg -T 2>/dev/null | tail -20 || journalctl --user -n 20 --no-pager 2>/dev/null | tail -20 || true; echo '=== end ==='
root          24  0.0  0.0    232    80 ?        S    Aug22   0:00 s6-supervise s6-linux-init-shutdownd
root          27  0.0  0.0    224    72 ?        Ss   Aug22   0:00  \_ /package/admin/s6-linux-init/command/s6-linux-init-shutdownd -d3 -c /run/s6/basedir -g 3000 -C -B
--- recent dmesg (oom/killed) ---
--- pstree of self ---
--- /proc/loadavg ---
=== end ===
0.18 0.21 0.18 17/391 5872
--- recent dmesg (oom/killed) ---
=== end ===
=== shutdown diagnostic @ SIGTERM ===
--- date ---
2026-08-23T04:30:37Z
--- ps auxf (top 60 by cpu) ---
USER         PID %CPU %MEM    VSZ   RSS TTY      STAT START   TIME COMMAND
root           1  0.2  0.0    448   108 ?        Ss   04:29   0:00 /package/admin/s6/command/s6-svscan -d4 -- /run/service
root          18  0.0  0.0    232    84 ?        S    04:29   0:00 s6-supervise s6-linux-init-shutdownd
root          20  0.0  0.0    224    72 ?        Ss   04:29   0:00  \_ /package/admin/s6-linux-init/command/s6-linux-init-shutdownd -d3 -c /run/s6/basedir -g 3000 -C -B
root         112  4.2  1.7 3527220 142596 ?      Ssl  04:29   0:01 /opt/data/.local/bin/agy -p what is the name of this project?
--- pstree of self ---
--- /proc/loadavg ---
1.63 0.56 0.30 23/370 568
--- recent dmesg (oom/killed) ---
=== end ===
=== shutdown diagnostic @ SIGTERM ===
--- date ---
2026-08-23T04:30:37Z
--- ps auxf (top 60 by cpu) ---
=== shutdown diagnostic @ SIGTERM ===
--- date ---
2026-08-23T04:30:37Z
--- ps auxf (top 60 by cpu) ---
USER         PID %CPU %MEM    VSZ   RSS TTY      STAT START   TIME COMMAND
root           1  0.2  0.0    448   108 ?        Ss   04:29   0:00 /package/admin/s6/command/s6-svscan -d4 -- /run/service
root          18  0.0  0.0    232    84 ?        S    04:29   0:00 s6-supervise s6-linux-init-shutdownd
root          20  0.0  0.0    224    72 ?        Ss   04:29   0:00  \_ /package/admin/s6-linux-init/command/s6-linux-init-shutdownd -d3 -c /run/s6/basedir -g 3000 -C -B
--- pstree of self ---
USER         PID %CPU %MEM    VSZ   RSS TTY      STAT START   TIME COMMAND
root           1  0.2  0.0    448   108 ?        Ss   04:29   0:00 /package/admin/s6/command/s6-svscan -d4 -- /run/service
root          18  0.0  0.0    232    84 ?        S    04:29   0:00 s6-supervise s6-linux-init-shutdownd
root          20  0.0  0.0    224    72 ?        Ss   04:29   0:00  \_ /package/admin/s6-linux-init/command/s6-linux-init-shutdownd -d3 -c /run/s6/basedir -g 3000 -C -B
--- pstree of self ---
--- /proc/loadavg ---
1.63 0.56 0.30 13/325 669
--- recent dmesg (oom/killed) ---
--- /proc/loadavg ---
1.63 0.56 0.30 12/318 675
--- recent dmesg (oom/killed) ---
=== end ===
=== end ===
=== shutdown diagnostic @ SIGTERM ===
--- date ---
2026-08-23T04:32:30Z
--- ps auxf (top 60 by cpu) ---
USER         PID %CPU %MEM    VSZ   RSS TTY      STAT START   TIME COMMAND
root           1  0.0  0.0    448   108 ?        Ss   04:30   0:00 /package/admin/s6/command/s6-svscan -d4 -- /run/service
root          18  0.0  0.0    232    84 ?        S    04:30   0:00 s6-supervise s6-linux-init-shutdownd
root          21  0.0  0.0    224    72 ?        Ss   04:30   0:00  \_ /package/admin/s6-linux-init/command/s6-linux-init-shutdownd -d3 -c /run/s6/basedir -g 3000 -C -B
--- pstree of self ---
=== shutdown diagnostic @ SIGTERM ===
--- date ---
--- /proc/loadavg ---
2026-08-23T04:32:30Z
1.41 0.92 0.47 19/406 709
--- recent dmesg (oom/killed) ---
--- ps auxf (top 60 by cpu) ---
=== end ===
USER         PID %CPU %MEM    VSZ   RSS TTY      STAT START   TIME COMMAND
root           1  0.0  0.0    448   108 ?        Ss   04:30   0:00 /package/admin/s6/command/s6-svscan -d4 -- /run/service
root          18  0.0  0.0    232    84 ?        S    04:30   0:00 s6-supervise s6-linux-init-shutdownd
root          21  0.0  0.0    224    72 ?        Ss   04:30   0:00  \_ /package/admin/s6-linux-init/command/s6-linux-init-shutdownd -d3 -c /run/s6/basedir -g 3000 -C -B
=== shutdown diagnostic @ SIGTERM ===
--- date ---
--- pstree of self ---
2026-08-23T04:32:30Z
--- /proc/loadavg ---
--- ps auxf (top 60 by cpu) ---
1.41 0.92 0.47 11/395 796
--- recent dmesg (oom/killed) ---
=== end ===
USER         PID %CPU %MEM    VSZ   RSS TTY      STAT START   TIME COMMAND
root           1  0.0  0.0    448   108 ?        Ss   04:30   0:00 /package/admin/s6/command/s6-svscan -d4 -- /run/service
root          18  0.0  0.0    232    84 ?        S    04:30   0:00 s6-supervise s6-linux-init-shutdownd
root          21  0.0  0.0    224    72 ?        Ss   04:30   0:00  \_ /package/admin/s6-linux-init/command/s6-linux-init-shutdownd -d3 -c /run/s6/basedir -g 3000 -C -B
--- pstree of self ---
--- /proc/loadavg ---
1.41 0.92 0.47 9/389 819
--- recent dmesg (oom/killed) ---
=== end ===
=== shutdown diagnostic @ SIGTERM ===
--- date ---
2026-08-23T04:54:45Z
--- ps auxf (top 60 by cpu) ---
USER         PID %CPU %MEM    VSZ   RSS TTY      STAT START   TIME COMMAND
root           1  0.0  0.0    452   112 ?        Ss   04:32   0:00 /package/admin/s6/command/s6-svscan -d4 -- /run/service
root          17  0.0  0.0   2680  1856 ?        Ss   04:32   0:00 /bin/sh -e /run/s6/basedir/scripts/rc.init top /opt/hermes/docker/main-wrapper.sh gateway run
hermes       322  0.3  0.0   2976  1772 ?        S    04:33   0:04  \_ sleep infinity
root          18  0.0  0.0    232    84 ?        S    04:32   0:00 s6-supervise s6-linux-init-shutdownd
root          19  0.0  0.0    216    64 ?        Ss   04:32   0:00  \_ /package/admin/s6-linux-init/command/s6-linux-init-shutdownd -d3 -c /run/s6/basedir -g 3000 -C -B
--- pstree of self ---
--- /proc/loadavg ---
0.74 0.58 0.56 2/398 3364
--- recent dmesg (oom/killed) ---
=== end ===
=== shutdown diagnostic @ SIGTERM ===
--- date ---
2026-08-23T04:55:03Z
--- ps auxf (top 60 by cpu) ---
USER         PID %CPU %MEM    VSZ   RSS TTY      STAT START   TIME COMMAND
root           1  0.0  0.0    452   112 ?        Ss   04:32   0:00 /package/admin/s6/command/s6-svscan -d4 -- /run/service
hermes      3414 75.0  2.2 640988 184760 ?       Sl   04:54   0:12 /opt/hermes/.venv/bin/python3 /opt/hermes/.venv/bin/hermes -p qa gateway run --no-supervise --force
hermes      3412 74.1  2.2 714620 185768 ?       Sl   04:54   0:12 /opt/hermes/.venv/bin/python3 /opt/hermes/.venv/bin/hermes -p pm gateway run --no-supervise --force
hermes      3501  0.0  0.0   2980  1816 ?        Ss   04:55   0:00  \_ timeout 5 bash -c echo '=== shutdown diagnostic @ SIGTERM ==='; echo '--- date ---'; date -u +%Y-%m-%dT%H:%M:%SZ; echo '--- ps auxf (top 60 by cpu) ---'; ps auxf --sort=-pcpu 2>/dev/null | head -60; echo '--- pstree of self ---'; pstree -plau 3412 2>/dev/null | head -40 || true; echo '--- /proc/loadavg ---'; cat /proc/loadavg 2>/dev/null || true; echo '--- recent dmesg (oom/killed) ---'; dmesg -T 2>/dev/null | tail -20 || journalctl --user -n 20 --no-pager 2>/dev/null | tail -20 || true; echo '=== end ==='
hermes      3503  0.0  0.0   4452  3432 ?        S    04:55   0:00      \_ bash -c echo '=== shutdown diagnostic @ SIGTERM ==='; echo '--- date ---'; date -u +%Y-%m-%dT%H:%M:%SZ; echo '--- ps auxf (top 60 by cpu) ---'; ps auxf --sort=-pcpu 2>/dev/null | head -60; echo '--- pstree of self ---'; pstree -plau 3412 2>/dev/null | head -40 || true; echo '--- /proc/loadavg ---'; cat /proc/loadavg 2>/dev/null || true; echo '--- recent dmesg (oom/killed) ---'; dmesg -T 2>/dev/null | tail -20 || journalctl --user -n 20 --no-pager 2>/dev/null | tail -20 || true; echo '=== end ==='
hermes      3505  0.0  0.0   6804  4008 ?        R    04:55   0:00          \_ ps auxf --sort=-pcpu
hermes      3506  0.0  0.0   2984  1760 ?        S    04:55   0:00          \_ head -60
--- pstree of self ---
--- /proc/loadavg ---
1.77 0.81 0.63 2/369 3509
--- recent dmesg (oom/killed) ---
=== end ===
